06/30/2012 00:00:00;07/01/2011 00:00:00;http://wescml.org/id/organisation/esaa;Energy Supply Association of Australia;147.290787273 -32.1711106122;NSW-ACT;http://qudt.org/vocab/unit#Kilowatthour;kW-hr;100000;69469000000.0
06/30/2012 00:00:00;07/01/2011 00:00:00;http://wescml.org/id/organisation/esaa;Energy Supply Association of Australia;144.459312122 -36.9846183681;VIC;http://qudt.org/vocab/unit#Kilowatthour;kW-hr;100001;43485020000.0
06/30/2012 00:00:00;07/01/2011 00:00:00;http://wescml.org/id/organisation/esaa;Energy Supply Association of Australia;144.671672758 -22.6856688578;QLD;http://qudt.org/vocab/unit#Kilowatthour;kW-hr;100002;44090900000.0
06/30/2012 00:00:00;07/01/2011 00:00:00;http://wescml.org/id/organisation/esaa;Energy Supply Association of Australia;135.964886671 -30.3306517643;SA;http://qudt.org/vocab/unit#Kilowatthour;kW-hr;100003;12823700000.0
06/30/2012 00:00:00;07/01/2011 00:00:00;http://wescml.org/id/organisation/esaa;Energy Supply Association of Australia;122.373805948 -25.5171440084;WA;http://qudt.org/vocab/unit#Kilowatthour;kW-hr;100004;18304300000.0
06/30/2012 00:00:00;07/01/2011 00:00:00;http://wescml.org/id/organisation/esaa;Energy Supply Association of Australia;146.724492243 -41.8689130028;TAS;http://qudt.org/vocab/unit#Kilowatthour;kW-hr;100005;10076100000.0
06/30/2012 00:00:00;07/01/2011 00:00:00;http://wescml.org/id/organisation/esaa;Energy Supply Association of Australia;133.487345914 -19.5002593135;NT;http://qudt.org/vocab/unit#Kilowatthour;kW-hr;100006;1816000000.0
06/30/2012 00:00:00;07/01/2011 00:00:00;http://wescml.org/id/organisation/esaa;Energy Supply Association of Australia;134.619935974 -25.7295046447;AUS;http://qudt.org/vocab/unit#Kilowatthour;kW-hr;100007;2.00065e+11
06/30/2011 00:00:00;07/01/2010 00:00:00;http://wescml.org/id/organisation/esaa;Energy Supply Association of Australia;147.290787273 -32.1711106122;NSW-ACT;http://qudt.org/vocab/unit#Kilowatthour;kW-hr;100008;71810500000.0
06/30/2011 00:00:00;07/01/2010 00:00:00;http://wescml.org/id/organisation/esaa;Energy Supply Association of Australia;144.459312122 -36.9846183681;VIC;http://qudt.org/vocab/unit#Kilowatthour;kW-hr;100009;43659700000.0
06/30/2011 00:00:00;07/01/2010 00:00:00;http://wescml.org/id/organisation/esaa;Energy Supply Association of Australia;144.671672758 -22.6856688578;QLD;http://qudt.org/vocab/unit#Kilowatthour;kW-hr;100010;43933600000.0
06/30/2011 00:00:00;07/01/2010 00:00:00;http://wescml.org/id/organisation/esaa;Energy Supply Association of Australia;135.964886671 -30.3306517643;SA;http://qudt.org/vocab/unit#Kilowatthour;kW-hr;100011;12999700000.0
06/30/2011 00:00:00;07/01/2010 00:00:00;http://wescml.org/id/organisation/esaa;Energy Supply Association of Australia;122.373805948 -25.5171440084;WA;http://qudt.org/vocab/unit#Kilowatthour;kW-hr;100012;18166000000.0
06/30/2011 00:00:00;07/01/2010 00:00:00;http://wescml.org/id/organisation/esaa;Energy Supply Association of Australia;146.724492243 -41.8689130028;TAS;http://qudt.org/vocab/unit#Kilowatthour;kW-hr;100013;10431000000.0
06/30/2011 00:00:00;07/01/2010 00:00:00;http://wescml.org/id/organisation/esaa;Energy Supply Association of Australia;133.487345914 -19.5002593135;NT;http://qudt.org/vocab/unit#Kilowatthour;kW-hr;100014;1814300000.0
06/30/2011 00:00:00;07/01/2010 00:00:00;http://wescml.org/id/organisation/esaa;Energy Supply Association of Australia;134.619935974 -25.7295046447;AUS;http://qudt.org/vocab/unit#Kilowatthour;kW-hr;100015;2.028148e+11
06/30/2010 00:00:00;07/01/2009 00:00:00;http://wescml.org/id/organisation/esaa;Energy Supply Association of Australia;147.290787273 -32.1711106122;NSW-ACT;http://qudt.org/vocab/unit#Kilowatthour;kW-hr;100016;71011000000.0
06/30/2010 00:00:00;07/01/2009 00:00:00;http://wescml.org/id/organisation/esaa;Energy Supply Association of Australia;144.459312122 -36.9846183681;VIC;http://qudt.org/vocab/unit#Kilowatthour;kW-hr;100017;43678300000.0
06/30/2010 00:00:00;07/01/2009 00:00:00;http://wescml.org/id/organisation/esaa;Energy Supply Association of Australia;144.671672758 -22.6856688578;QLD;http://qudt.org/vocab/unit#Kilowatthour;kW-hr;100018;47473400000.0
06/30/2010 00:00:00;07/01/2009 00:00:00;http://wescml.org/id/organisation/esaa;Energy Supply Association of Australia;135.964886671 -30.3306517643;SA;http://qudt.org/vocab/unit#Kilowatthour;kW-hr;100019;12896700000.0
06/30/2010 00:00:00;07/01/2009 00:00:00;http://wescml.org/id/organisation/esaa;Energy Supply Association of Australia;122.373805948 -25.5171440084;WA;http://qudt.org/vocab/unit#Kilowatthour;kW-hr;100020;16899200000.0
06/30/2010 00:00:00;07/01/2009 00:00:00;http://wescml.org/id/organisation/esaa;Energy Supply Association of Australia;146.724492243 -41.8689130028;TAS;http://qudt.org/vocab/unit#Kilowatthour;kW-hr;100021;10375700000.0
06/30/2010 00:00:00;07/01/2009 00:00:00;http://wescml.org/id/organisation/esaa;Energy Supply Association of Australia;133.487345914 -19.5002593135;NT;http://qudt.org/vocab/unit#Kilowatthour;kW-hr;100022;1820400000.0
06/30/2010 00:00:00;07/01/2009 00:00:00;http://wescml.org/id/organisation/esaa;Energy Supply Association of Australia;134.619935974 -25.7295046447;AUS;http://qudt.org/vocab/unit#Kilowatthour;kW-hr;100023;2.041546e+11
06/30/2009 00:00:00;07/01/2008 00:00:00;http://wescml.org/id/organisation/esaa;Energy Supply Association of Australia;147.290787273 -32.1711106122;NSW-ACT;http://qudt.org/vocab/unit#Kilowatthour;kW-hr;100024;71674600000.0
06/30/2009 00:00:00;07/01/2008 00:00:00;http://wescml.org/id/organisation/esaa;Energy Supply Association of Australia;144.459312122 -36.9846183681;VIC;http://qudt.org/vocab/unit#Kilowatthour;kW-hr;100025;44214100000.0
06/30/2009 00:00:00;07/01/2008 00:00:00;http://wescml.org/id/organisation/esaa;Energy Supply Association of Australia;144.671672758 -22.6856688578;QLD;http://qudt.org/vocab/unit#Kilowatthour;kW-hr;100026;47414500000.0
06/30/2009 00:00:00;07/01/2008 00:00:00;http://wescml.org/id/organisation/esaa;Energy Supply Association of Australia;135.964886671 -30.3306517643;SA;http://qudt.org/vocab/unit#Kilowatthour;kW-hr;100027;12878200000.0
06/30/2009 00:00:00;07/01/2008 00:00:00;http://wescml.org/id/organisation/esaa;Energy Supply Association of Australia;122.373805948 -25.5171440084;WA;http://qudt.org/vocab/unit#Kilowatthour;kW-hr;100028;15499000000.0
06/30/2009 00:00:00;07/01/2008 00:00:00;http://wescml.org/id/organisation/esaa;Energy Supply Association of Australia;146.724492243 -41.8689130028;TAS;http://qudt.org/vocab/unit#Kilowatthour;kW-hr;100029;10806900000.0
06/30/2009 00:00:00;07/01/2008 00:00:00;http://wescml.org/id/organisation/esaa;Energy Supply Association of Australia;133.487345914 -19.5002593135;NT;http://qudt.org/vocab/unit#Kilowatthour;kW-hr;100030;1761600000.0
06/30/2009 00:00:00;07/01/2008 00:00:00;http://wescml.org/id/organisation/esaa;Energy Supply Association of Australia;134.619935974 -25.7295046447;AUS;http://qudt.org/vocab/unit#Kilowatthour;kW-hr;100031;2.042489e+11
06/30/2008 00:00:00;07/01/2007 00:00:00;http://wescml.org/id/organisation/esaa;Energy Supply Association of Australia;147.290787273 -32.1711106122;NSW-ACT;http://qudt.org/vocab/unit#Kilowatthour;kW-hr;100032;71569700000.0
06/30/2008 00:00:00;07/01/2007 00:00:00;http://wescml.org/id/organisation/esaa;Energy Supply Association of Australia;144.459312122 -36.9846183681;VIC;http://qudt.org/vocab/unit#Kilowatthour;kW-hr;100033;44221200000.0
06/30/2008 00:00:00;07/01/2007 00:00:00;http://wescml.org/id/organisation/esaa;Energy Supply Association of Australia;144.671672758 -22.6856688578;QLD;http://qudt.org/vocab/unit#Kilowatthour;kW-hr;100034;45657400000.0
06/30/2008 00:00:00;07/01/2007 00:00:00;http://wescml.org/id/organisation/esaa;Energy Supply Association of Australia;135.964886671 -30.3306517643;SA;http://qudt.org/vocab/unit#Kilowatthour;kW-hr;100035;12690600000.0
06/30/2008 00:00:00;07/01/2007 00:00:00;http://wescml.org/id/organisation/esaa;Energy Supply Association of Australia;122.373805948 -25.5171440084;WA;http://qudt.org/vocab/unit#Kilowatthour;kW-hr;100036;14896900000.0
06/30/2008 00:00:00;07/01/2007 00:00:00;http://wescml.org/id/organisation/esaa;Energy Supply Association of Australia;146.724492243 -41.8689130028;TAS;http://qudt.org/vocab/unit#Kilowatthour;kW-hr;100037;10615300000.0
06/30/2008 00:00:00;07/01/2007 00:00:00;http://wescml.org/id/organisation/esaa;Energy Supply Association of Australia;133.487345914 -19.5002593135;NT;http://qudt.org/vocab/unit#Kilowatthour;kW-hr;100038;1768100000.0
06/30/2008 00:00:00;07/01/2007 00:00:00;http://wescml.org/id/organisation/esaa;Energy Supply Association of Australia;134.619935974 -25.7295046447;AUS;http://qudt.org/vocab/unit#Kilowatthour;kW-hr;100039;2.014191e+11
06/30/2007 00:00:00;07/01/2006 00:00:00;http://wescml.org/id/organisation/esaa;Energy Supply Association of Australia;147.290787273 -32.1711106122;NSW-ACT;http://qudt.org/vocab/unit#Kilowatthour;kW-hr;100040;70188200000.0
06/30/2007 00:00:00;07/01/2006 00:00:00;http://wescml.org/id/organisation/esaa;Energy Supply Association of Australia;144.459312122 -36.9846183681;VIC;http://qudt.org/vocab/unit#Kilowatthour;kW-hr;100041;44061400000.0
06/30/2007 00:00:00;07/01/2006 00:00:00;http://wescml.org/id/organisation/esaa;Energy Supply Association of Australia;144.671672758 -22.6856688578;QLD;http://qudt.org/vocab/unit#Kilowatthour;kW-hr;100042;45275000000.0
06/30/2007 00:00:00;07/01/2006 00:00:00;http://wescml.org/id/organisation/esaa;Energy Supply Association of Australia;135.964886671 -30.3306517643;SA;http://qudt.org/vocab/unit#Kilowatthour;kW-hr;100043;12683900000.0
06/30/2007 00:00:00;07/01/2006 00:00:00;http://wescml.org/id/organisation/esaa;Energy Supply Association of Australia;122.373805948 -25.5171440084;WA;http://qudt.org/vocab/unit#Kilowatthour;kW-hr;100044;14492000000.0
06/30/2007 00:00:00;07/01/2006 00:00:00;http://wescml.org/id/organisation/esaa;Energy Supply Association of Australia;146.724492243 -41.8689130028;TAS;http://qudt.org/vocab/unit#Kilowatthour;kW-hr;100045;10319200000.0
06/30/2007 00:00:00;07/01/2006 00:00:00;http://wescml.org/id/organisation/esaa;Energy Supply Association of Australia;133.487345914 -19.5002593135;NT;http://qudt.org/vocab/unit#Kilowatthour;kW-hr;100046;1657100000.0
06/30/2007 00:00:00;07/01/2006 00:00:00;http://wescml.org/id/organisation/esaa;Energy Supply Association of Australia;134.619935974 -25.7295046447;AUS;http://qudt.org/vocab/unit#Kilowatthour;kW-hr;100047;1.986768e+11
06/30/2006 00:00:00;07/01/2005 00:00:00;http://wescml.org/id/organisation/esaa;Energy Supply Association of Australia;147.290787273 -32.1711106122;NSW-ACT;http://qudt.org/vocab/unit#Kilowatthour;kW-hr;100048;68909500000.0
06/30/2006 00:00:00;07/01/2005 00:00:00;http://wescml.org/id/organisation/esaa;Energy Supply Association of Australia;144.459312122 -36.9846183681;VIC;http://qudt.org/vocab/unit#Kilowatthour;kW-hr;100049;43562200000.0
06/30/2006 00:00:00;07/01/2005 00:00:00;http://wescml.org/id/organisation/esaa;Energy Supply Association of Australia;144.671672758 -22.6856688578;QLD;http://qudt.org/vocab/unit#Kilowatthour;kW-hr;100050;45570600000.0
06/30/2006 00:00:00;07/01/2005 00:00:00;http://wescml.org/id/organisation/esaa;Energy Supply Association of Australia;135.964886671 -30.3306517643;SA;http://qudt.org/vocab/unit#Kilowatthour;kW-hr;100051;12141600000.0
06/30/2006 00:00:00;07/01/2005 00:00:00;http://wescml.org/id/organisation/esaa;Energy Supply Association of Australia;122.373805948 -25.5171440084;WA;http://qudt.org/vocab/unit#Kilowatthour;kW-hr;100052;14352000000.0
06/30/2006 00:00:00;07/01/2005 00:00:00;http://wescml.org/id/organisation/esaa;Energy Supply Association of Australia;146.724492243 -41.8689130028;TAS;http://qudt.org/vocab/unit#Kilowatthour;kW-hr;100053;9809900000.0
06/30/2006 00:00:00;07/01/2005 00:00:00;http://wescml.org/id/organisation/esaa;Energy Supply Association of Australia;133.487345914 -19.5002593135;NT;http://qudt.org/vocab/unit#Kilowatthour;kW-hr;100054;1601800000.0
06/30/2006 00:00:00;07/01/2005 00:00:00;http://wescml.org/id/organisation/esaa;Energy Supply Association of Australia;134.619935974 -25.7295046447;AUS;http://qudt.org/vocab/unit#Kilowatthour;kW-hr;100055;1.959476e+11
06/30/2005 00:00:00;07/01/2004 00:00:00;http://wescml.org/id/organisation/esaa;Energy Supply Association of Australia;147.290787273 -32.1711106122;NSW-ACT;http://qudt.org/vocab/unit#Kilowatthour;kW-hr;100056;67199500000.0
06/30/2005 00:00:00;07/01/2004 00:00:00;http://wescml.org/id/organisation/esaa;Energy Supply Association of Australia;144.459312122 -36.9846183681;VIC;http://qudt.org/vocab/unit#Kilowatthour;kW-hr;100057;45969800000.0
06/30/2005 00:00:00;07/01/2004 00:00:00;http://wescml.org/id/organisation/esaa;Energy Supply Association of Australia;144.671672758 -22.6856688578;QLD;http://qudt.org/vocab/unit#Kilowatthour;kW-hr;100058;43607800000.0
06/30/2005 00:00:00;07/01/2004 00:00:00;http://wescml.org/id/organisation/esaa;Energy Supply Association of Australia;135.964886671 -30.3306517643;SA;http://qudt.org/vocab/unit#Kilowatthour;kW-hr;100059;11667700000.0
06/30/2005 00:00:00;07/01/2004 00:00:00;http://wescml.org/id/organisation/esaa;Energy Supply Association of Australia;122.373805948 -25.5171440084;WA;http://qudt.org/vocab/unit#Kilowatthour;kW-hr;100060;13700100000.0
06/30/2005 00:00:00;07/01/2004 00:00:00;http://wescml.org/id/organisation/esaa;Energy Supply Association of Australia;146.724492243 -41.8689130028;TAS;http://qudt.org/vocab/unit#Kilowatthour;kW-hr;100061;10015000000.0
06/30/2005 00:00:00;07/01/2004 00:00:00;http://wescml.org/id/organisation/esaa;Energy Supply Association of Australia;133.487345914 -19.5002593135;NT;http://qudt.org/vocab/unit#Kilowatthour;kW-hr;100062;1630700000.0
06/30/2005 00:00:00;07/01/2004 00:00:00;http://wescml.org/id/organisation/esaa;Energy Supply Association of Australia;134.619935974 -25.7295046447;AUS;http://qudt.org/vocab/unit#Kilowatthour;kW-hr;100063;1.937906e+11
06/30/2004 00:00:00;07/01/2003 00:00:00;http://wescml.org/id/organisation/esaa;Energy Supply Association of Australia;147.290787273 -32.1711106122;NSW-ACT;http://qudt.org/vocab/unit#Kilowatthour;kW-hr;100064;72371400000.0
06/30/2004 00:00:00;07/01/2003 00:00:00;http://wescml.org/id/organisation/esaa;Energy Supply Association of Australia;144.459312122 -36.9846183681;VIC;http://qudt.org/vocab/unit#Kilowatthour;kW-hr;100065;42412000000.0
06/30/2004 00:00:00;07/01/2003 00:00:00;http://wescml.org/id/organisation/esaa;Energy Supply Association of Australia;144.671672758 -22.6856688578;QLD;http://qudt.org/vocab/unit#Kilowatthour;kW-hr;100066;41479900000.0
06/30/2004 00:00:00;07/01/2003 00:00:00;http://wescml.org/id/organisation/esaa;Energy Supply Association of Australia;135.964886671 -30.3306517643;SA;http://qudt.org/vocab/unit#Kilowatthour;kW-hr;100067;11600200000.0
06/30/2004 00:00:00;07/01/2003 00:00:00;http://wescml.org/id/organisation/esaa;Energy Supply Association of Australia;122.373805948 -25.5171440084;WA;http://qudt.org/vocab/unit#Kilowatthour;kW-hr;100068;12987400000.0
06/30/2004 00:00:00;07/01/2003 00:00:00;http://wescml.org/id/organisation/esaa;Energy Supply Association of Australia;146.724492243 -41.8689130028;TAS;http://qudt.org/vocab/unit#Kilowatthour;kW-hr;100069;10323200000.0
06/30/2004 00:00:00;07/01/2003 00:00:00;http://wescml.org/id/organisation/esaa;Energy Supply Association of Australia;133.487345914 -19.5002593135;NT;http://qudt.org/vocab/unit#Kilowatthour;kW-hr;100070;1606600000.0
06/30/2004 00:00:00;07/01/2003 00:00:00;http://wescml.org/id/organisation/esaa;Energy Supply Association of Australia;134.619935974 -25.7295046447;AUS;http://qudt.org/vocab/unit#Kilowatthour;kW-hr;100071;1.927806e+11
06/30/2003 00:00:00;07/01/2002 00:00:00;http://wescml.org/id/organisation/esaa;Energy Supply Association of Australia;147.290787273 -32.1711106122;NSW-ACT;http://qudt.org/vocab/unit#Kilowatthour;kW-hr;100072;64884000000.0
06/30/2003 00:00:00;07/01/2002 00:00:00;http://wescml.org/id/organisation/esaa;Energy Supply Association of Australia;144.459312122 -36.9846183681;VIC;http://qudt.org/vocab/unit#Kilowatthour;kW-hr;100073;39867900000.0
06/30/2003 00:00:00;07/01/2002 00:00:00;http://wescml.org/id/organisation/esaa;Energy Supply Association of Australia;144.671672758 -22.6856688578;QLD;http://qudt.org/vocab/unit#Kilowatthour;kW-hr;100074;41952000000.0
06/30/2003 00:00:00;07/01/2002 00:00:00;http://wescml.org/id/organisation/esaa;Energy Supply Association of Australia;135.964886671 -30.3306517643;SA;http://qudt.org/vocab/unit#Kilowatthour;kW-hr;100075;11774900000.0
06/30/2003 00:00:00;07/01/2002 00:00:00;http://wescml.org/id/organisation/esaa;Energy Supply Association of Australia;122.373805948 -25.5171440084;WA;http://qudt.org/vocab/unit#Kilowatthour;kW-hr;100076;12475200000.0
06/30/2003 00:00:00;07/01/2002 00:00:00;http://wescml.org/id/organisation/esaa;Energy Supply Association of Australia;146.724492243 -41.8689130028;TAS;http://qudt.org/vocab/unit#Kilowatthour;kW-hr;100077;9749900000.0
06/30/2003 00:00:00;07/01/2002 00:00:00;http://wescml.org/id/organisation/esaa;Energy Supply Association of Australia;133.487345914 -19.5002593135;NT;http://qudt.org/vocab/unit#Kilowatthour;kW-hr;100078;1615100000.0
06/30/2003 00:00:00;07/01/2002 00:00:00;http://wescml.org/id/organisation/esaa;Energy Supply Association of Australia;134.619935974 -25.7295046447;AUS;http://qudt.org/vocab/unit#Kilowatthour;kW-hr;100079;1.823191e+11
06/30/2002 00:00:00;07/01/2001 00:00:00;http://wescml.org/id/organisation/esaa;Energy Supply Association of Australia;147.290787273 -32.1711106122;NSW-ACT;http://qudt.org/vocab/unit#Kilowatthour;kW-hr;100080;63328500000.0
06/30/2002 00:00:00;07/01/2001 00:00:00;http://wescml.org/id/organisation/esaa;Energy Supply Association of Australia;144.459312122 -36.9846183681;VIC;http://qudt.org/vocab/unit#Kilowatthour;kW-hr;100081;39006700000.0
06/30/2002 00:00:00;07/01/2001 00:00:00;http://wescml.org/id/organisation/esaa;Energy Supply Association of Australia;144.671672758 -22.6856688578;QLD;http://qudt.org/vocab/unit#Kilowatthour;kW-hr;100082;39544000000.0
06/30/2002 00:00:00;07/01/2001 00:00:00;http://wescml.org/id/organisation/esaa;Energy Supply Association of Australia;135.964886671 -30.3306517643;SA;http://qudt.org/vocab/unit#Kilowatthour;kW-hr;100083;11213400000.0
06/30/2002 00:00:00;07/01/2001 00:00:00;http://wescml.org/id/organisation/esaa;Energy Supply Association of Australia;122.373805948 -25.5171440084;WA;http://qudt.org/vocab/unit#Kilowatthour;kW-hr;100084;12081400000.0
06/30/2002 00:00:00;07/01/2001 00:00:00;http://wescml.org/id/organisation/esaa;Energy Supply Association of Australia;146.724492243 -41.8689130028;TAS;http://qudt.org/vocab/unit#Kilowatthour;kW-hr;100085;9546200000.0
06/30/2002 00:00:00;07/01/2001 00:00:00;http://wescml.org/id/organisation/esaa;Energy Supply Association of Australia;133.487345914 -19.5002593135;NT;http://qudt.org/vocab/unit#Kilowatthour;kW-hr;100086;1558600000.0
06/30/2002 00:00:00;07/01/2001 00:00:00;http://wescml.org/id/organisation/esaa;Energy Supply Association of Australia;134.619935974 -25.7295046447;AUS;http://qudt.org/vocab/unit#Kilowatthour;kW-hr;100087;1.762788e+11
06/30/2001 00:00:00;07/01/2000 00:00:00;http://wescml.org/id/organisation/esaa;Energy Supply Association of Australia;147.290787273 -32.1711106122;NSW-ACT;http://qudt.org/vocab/unit#Kilowatthour;kW-hr;100088;62896700000.0
06/30/2001 00:00:00;07/01/2000 00:00:00;http://wescml.org/id/organisation/esaa;Energy Supply Association of Australia;144.459312122 -36.9846183681;VIC;http://qudt.org/vocab/unit#Kilowatthour;kW-hr;100089;38395300000.0
06/30/2001 00:00:00;07/01/2000 00:00:00;http://wescml.org/id/organisation/esaa;Energy Supply Association of Australia;144.671672758 -22.6856688578;QLD;http://qudt.org/vocab/unit#Kilowatthour;kW-hr;100090;37347700000.0
06/30/2001 00:00:00;07/01/2000 00:00:00;http://wescml.org/id/organisation/esaa;Energy Supply Association of Australia;135.964886671 -30.3306517643;SA;http://qudt.org/vocab/unit#Kilowatthour;kW-hr;100091;11441700000.0
06/30/2001 00:00:00;07/01/2000 00:00:00;http://wescml.org/id/organisation/esaa;Energy Supply Association of Australia;122.373805948 -25.5171440084;WA;http://qudt.org/vocab/unit#Kilowatthour;kW-hr;100092;11996700000.0
06/30/2001 00:00:00;07/01/2000 00:00:00;http://wescml.org/id/organisation/esaa;Energy Supply Association of Australia;146.724492243 -41.8689130028;TAS;http://qudt.org/vocab/unit#Kilowatthour;kW-hr;100093;9447700000.0
06/30/2001 00:00:00;07/01/2000 00:00:00;http://wescml.org/id/organisation/esaa;Energy Supply Association of Australia;133.487345914 -19.5002593135;NT;http://qudt.org/vocab/unit#Kilowatthour;kW-hr;100094;1549300000.0
06/30/2001 00:00:00;07/01/2000 00:00:00;http://wescml.org/id/organisation/esaa;Energy Supply Association of Australia;134.619935974 -25.7295046447;AUS;http://qudt.org/vocab/unit#Kilowatthour;kW-hr;100095;1.730751e+11
06/30/2000 00:00:00;07/01/1999 00:00:00;http://wescml.org/id/organisation/esaa;Energy Supply Association of Australia;147.290787273 -32.1711106122;NSW-ACT;http://qudt.org/vocab/unit#Kilowatthour;kW-hr;100096;60949300000.0
06/30/2000 00:00:00;07/01/1999 00:00:00;http://wescml.org/id/organisation/esaa;Energy Supply Association of Australia;144.459312122 -36.9846183681;VIC;http://qudt.org/vocab/unit#Kilowatthour;kW-hr;100097;37578800000.0
06/30/2000 00:00:00;07/01/1999 00:00:00;http://wescml.org/id/organisation/esaa;Energy Supply Association of Australia;144.671672758 -22.6856688578;QLD;http://qudt.org/vocab/unit#Kilowatthour;kW-hr;100098;35505400000.0
06/30/2000 00:00:00;07/01/1999 00:00:00;http://wescml.org/id/organisation/esaa;Energy Supply Association of Australia;135.964886671 -30.3306517643;SA;http://qudt.org/vocab/unit#Kilowatthour;kW-hr;100099;11045300000.0
06/30/2000 00:00:00;07/01/1999 00:00:00;http://wescml.org/id/organisation/esaa;Energy Supply Association of Australia;122.373805948 -25.5171440084;WA;http://qudt.org/vocab/unit#Kilowatthour;kW-hr;100100;11635200000.0
06/30/2000 00:00:00;07/01/1999 00:00:00;http://wescml.org/id/organisation/esaa;Energy Supply Association of Australia;146.724492243 -41.8689130028;TAS;http://qudt.org/vocab/unit#Kilowatthour;kW-hr;100101;9372000000.0
06/30/2000 00:00:00;07/01/1999 00:00:00;http://wescml.org/id/organisation/esaa;Energy Supply Association of Australia;133.487345914 -19.5002593135;NT;http://qudt.org/vocab/unit#Kilowatthour;kW-hr;100102;1549500000.0
06/30/2000 00:00:00;07/01/1999 00:00:00;http://wescml.org/id/organisation/esaa;Energy Supply Association of Australia;134.619935974 -25.7295046447;AUS;http://qudt.org/vocab/unit#Kilowatthour;kW-hr;100103;1.676354e+11
06/30/1999 00:00:00;07/01/1998 00:00:00;http://wescml.org/id/organisation/esaa;Energy Supply Association of Australia;147.290787273 -32.1711106122;NSW-ACT;http://qudt.org/vocab/unit#Kilowatthour;kW-hr;100104;59544000000.0
06/30/1999 00:00:00;07/01/1998 00:00:00;http://wescml.org/id/organisation/esaa;Energy Supply Association of Australia;144.459312122 -36.9846183681;VIC;http://qudt.org/vocab/unit#Kilowatthour;kW-hr;100105;36313700000.0
06/30/1999 00:00:00;07/01/1998 00:00:00;http://wescml.org/id/organisation/esaa;Energy Supply Association of Australia;144.671672758 -22.6856688578;QLD;http://qudt.org/vocab/unit#Kilowatthour;kW-hr;100106;33267700000.0
06/30/1999 00:00:00;07/01/1998 00:00:00;http://wescml.org/id/organisation/esaa;Energy Supply Association of Australia;135.964886671 -30.3306517643;SA;http://qudt.org/vocab/unit#Kilowatthour;kW-hr;100107;10456000000.0
06/30/1999 00:00:00;07/01/1998 00:00:00;http://wescml.org/id/organisation/esaa;Energy Supply Association of Australia;122.373805948 -25.5171440084;WA;http://qudt.org/vocab/unit#Kilowatthour;kW-hr;100108;11406700000.0
06/30/1999 00:00:00;07/01/1998 00:00:00;http://wescml.org/id/organisation/esaa;Energy Supply Association of Australia;146.724492243 -41.8689130028;TAS;http://qudt.org/vocab/unit#Kilowatthour;kW-hr;100109;9224600000.0
06/30/1999 00:00:00;07/01/1998 00:00:00;http://wescml.org/id/organisation/esaa;Energy Supply Association of Australia;133.487345914 -19.5002593135;NT;http://qudt.org/vocab/unit#Kilowatthour;kW-hr;100110;1549100000.0
06/30/1999 00:00:00;07/01/1998 00:00:00;http://wescml.org/id/organisation/esaa;Energy Supply Association of Australia;134.619935974 -25.7295046447;AUS;http://qudt.org/vocab/unit#Kilowatthour;kW-hr;100111;1.617619e+11
06/30/1998 00:00:00;07/01/1997 00:00:00;http://wescml.org/id/organisation/esaa;Energy Supply Association of Australia;147.290787273 -32.1711106122;NSW-ACT;http://qudt.org/vocab/unit#Kilowatthour;kW-hr;100112;58712700000.0
06/30/1998 00:00:00;07/01/1997 00:00:00;http://wescml.org/id/organisation/esaa;Energy Supply Association of Australia;144.459312122 -36.9846183681;VIC;http://qudt.org/vocab/unit#Kilowatthour;kW-hr;100113;34855000000.0
06/30/1998 00:00:00;07/01/1997 00:00:00;http://wescml.org/id/organisation/esaa;Energy Supply Association of Australia;144.671672758 -22.6856688578;QLD;http://qudt.org/vocab/unit#Kilowatthour;kW-hr;100114;32210400000.0
06/30/1998 00:00:00;07/01/1997 00:00:00;http://wescml.org/id/organisation/esaa;Energy Supply Association of Australia;135.964886671 -30.3306517643;SA;http://qudt.org/vocab/unit#Kilowatthour;kW-hr;100115;9939200000.0
06/30/1998 00:00:00;07/01/1997 00:00:00;http://wescml.org/id/organisation/esaa;Energy Supply Association of Australia;122.373805948 -25.5171440084;WA;http://qudt.org/vocab/unit#Kilowatthour;kW-hr;100116;11063400000.0
06/30/1998 00:00:00;07/01/1997 00:00:00;http://wescml.org/id/organisation/esaa;Energy Supply Association of Australia;146.724492243 -41.8689130028;TAS;http://qudt.org/vocab/unit#Kilowatthour;kW-hr;100117;8984500000.0
06/30/1998 00:00:00;07/01/1997 00:00:00;http://wescml.org/id/organisation/esaa;Energy Supply Association of Australia;133.487345914 -19.5002593135;NT;http://qudt.org/vocab/unit#Kilowatthour;kW-hr;100118;1525000000.0
06/30/1998 00:00:00;07/01/1997 00:00:00;http://wescml.org/id/organisation/esaa;Energy Supply Association of Australia;134.619935974 -25.7295046447;AUS;http://qudt.org/vocab/unit#Kilowatthour;kW-hr;100119;1.572903e+11
06/30/1997 00:00:00;07/01/1996 00:00:00;http://wescml.org/id/organisation/esaa;Energy Supply Association of Australia;147.290787273 -32.1711106122;NSW-ACT;http://qudt.org/vocab/unit#Kilowatthour;kW-hr;100120;55980200000.0
06/30/1997 00:00:00;07/01/1996 00:00:00;http://wescml.org/id/organisation/esaa;Energy Supply Association of Australia;144.459312122 -36.9846183681;VIC;http://qudt.org/vocab/unit#Kilowatthour;kW-hr;100121;33915500000.0
06/30/1997 00:00:00;07/01/1996 00:00:00;http://wescml.org/id/organisation/esaa;Energy Supply Association of Australia;144.671672758 -22.6856688578;QLD;http://qudt.org/vocab/unit#Kilowatthour;kW-hr;100122;28731400000.0
06/30/1997 00:00:00;07/01/1996 00:00:00;http://wescml.org/id/organisation/esaa;Energy Supply Association of Australia;135.964886671 -30.3306517643;SA;http://qudt.org/vocab/unit#Kilowatthour;kW-hr;100123;9488500000.0
06/30/1997 00:00:00;07/01/1996 00:00:00;http://wescml.org/id/organisation/esaa;Energy Supply Association of Australia;122.373805948 -25.5171440084;WA;http://qudt.org/vocab/unit#Kilowatthour;kW-hr;100124;10799200000.0
06/30/1997 00:00:00;07/01/1996 00:00:00;http://wescml.org/id/organisation/esaa;Energy Supply Association of Australia;146.724492243 -41.8689130028;TAS;http://qudt.org/vocab/unit#Kilowatthour;kW-hr;100125;8909400000.0
06/30/1997 00:00:00;07/01/1996 00:00:00;http://wescml.org/id/organisation/esaa;Energy Supply Association of Australia;133.487345914 -19.5002593135;NT;http://qudt.org/vocab/unit#Kilowatthour;kW-hr;100126;1389900000.0
06/30/1997 00:00:00;07/01/1996 00:00:00;http://wescml.org/id/organisation/esaa;Energy Supply Association of Australia;134.619935974 -25.7295046447;AUS;http://qudt.org/vocab/unit#Kilowatthour;kW-hr;100127;1.492541e+11
06/30/1996 00:00:00;07/01/1995 00:00:00;http://wescml.org/id/organisation/esaa;Energy Supply Association of Australia;147.290787273 -32.1711106122;NSW-ACT;http://qudt.org/vocab/unit#Kilowatthour;kW-hr;100128;53698200000.0
06/30/1996 00:00:00;07/01/1995 00:00:00;http://wescml.org/id/organisation/esaa;Energy Supply Association of Australia;144.459312122 -36.9846183681;VIC;http://qudt.org/vocab/unit#Kilowatthour;kW-hr;100129;32882800000.0
06/30/1996 00:00:00;07/01/1995 00:00:00;http://wescml.org/id/organisation/esaa;Energy Supply Association of Australia;144.671672758 -22.6856688578;QLD;http://qudt.org/vocab/unit#Kilowatthour;kW-hr;100130;27641700000.0
06/30/1996 00:00:00;07/01/1995 00:00:00;http://wescml.org/id/organisation/esaa;Energy Supply Association of Australia;135.964886671 -30.3306517643;SA;http://qudt.org/vocab/unit#Kilowatthour;kW-hr;100131;9184000000.0
06/30/1996 00:00:00;07/01/1995 00:00:00;http://wescml.org/id/organisation/esaa;Energy Supply Association of Australia;122.373805948 -25.5171440084;WA;http://qudt.org/vocab/unit#Kilowatthour;kW-hr;100132;11074600000.0
06/30/1996 00:00:00;07/01/1995 00:00:00;http://wescml.org/id/organisation/esaa;Energy Supply Association of Australia;146.724492243 -41.8689130028;TAS;http://qudt.org/vocab/unit#Kilowatthour;kW-hr;100133;8453600000.0
06/30/1996 00:00:00;07/01/1995 00:00:00;http://wescml.org/id/organisation/esaa;Energy Supply Association of Australia;133.487345914 -19.5002593135;NT;http://qudt.org/vocab/unit#Kilowatthour;kW-hr;100134;1356500000.0
06/30/1996 00:00:00;07/01/1995 00:00:00;http://wescml.org/id/organisation/esaa;Energy Supply Association of Australia;134.619935974 -25.7295046447;AUS;http://qudt.org/vocab/unit#Kilowatthour;kW-hr;100135;1.442914e+11
