Read End Fiscal Quarter Code,LGA,Premise Type Attribute,Dwelling Count,Dwelling Count,Apportioned Consumption kl
2015Q1,ASHFIELD,multi dwelling,9822,9837,443939.1
2015Q1,ASHFIELD,single dwelling,7013,7028,431825.9
2015Q1,ASHFIELD,nonresidential,901,916,192223.9
2015Q1,AUBURN,multi dwelling,11755,11770,725943.9
2015Q1,AUBURN,single dwelling,12166,12181,787245.8
2015Q1,AUBURN,nonresidential,2595,2610,1215242.6
2015Q1,BANKSTOWN,multi dwelling,17246,17261,868400.5
2015Q1,BANKSTOWN,single dwelling,44716,44731,2768415.1
2015Q1,BANKSTOWN,nonresidential,6309,6324,1359651.7
2015Q1,BLACKTOWN,multi dwelling,13698,13713,662571.8
2015Q1,BLACKTOWN,single dwelling,83055,83070,4908868.8
2015Q1,BLACKTOWN,nonresidential,6030,6045,1797459.4
2015Q1,BLUE MOUNTAINS,multi dwelling,2373,2388,70027.1
2015Q1,BLUE MOUNTAINS,single dwelling,30247,30262,1397947.1
2015Q1,BLUE MOUNTAINS,nonresidential,1562,1577,268563.9
2015Q1,BOTANY BAY,multi dwelling,8229,8244,400735.5
2015Q1,BOTANY BAY,single dwelling,6954,6969,429628.1
2015Q1,BOTANY BAY,nonresidential,1708,1723,1709173.4
2015Q1,BURWOOD,multi dwelling,5205,5220,310413.4
2015Q1,BURWOOD,single dwelling,6387,6402,427926.4
2015Q1,BURWOOD,nonresidential,897,912,247912.5
2015Q1,CAMDEN,multi dwelling,968,983,50265.6
2015Q1,CAMDEN,single dwelling,16157,16172,1129986
2015Q1,CAMDEN,nonresidential,1714,1729,473947.1
2015Q1,CAMPBELLTOWN,multi dwelling,7293,7308,271112.6
2015Q1,CAMPBELLTOWN,single dwelling,43135,43150,2639854.8
2015Q1,CAMPBELLTOWN,nonresidential,3534,3549,846802
2015Q1,CANADA BAY,multi dwelling,15440,15455,658557.9
2015Q1,CANADA BAY,single dwelling,15313,15328,921705.4
2015Q1,CANADA BAY,nonresidential,1562,1577,395362
2015Q1,CANTERBURY,multi dwelling,23350,23365,1246928.1
2015Q1,CANTERBURY,single dwelling,27041,27056,1740550.9
2015Q1,CANTERBURY,nonresidential,3017,3032,477697
2015Q1,FAIRFIELD,multi dwelling,13849,13864,749008.7
2015Q1,FAIRFIELD,single dwelling,45309,45324,3027844.6
2015Q1,FAIRFIELD,nonresidential,4825,4840,1313122.8
2015Q1,HAWKESBURY,multi dwelling,3202,3217,149107.2
2015Q1,HAWKESBURY,single dwelling,12868,12883,875323.9
2015Q1,HAWKESBURY,nonresidential,1719,1734,396601.7
2015Q1,HOLROYD,multi dwelling,12713,12728,632272.3
2015Q1,HOLROYD,single dwelling,22778,22793,1358644.1
2015Q1,HOLROYD,nonresidential,2736,2751,1373823
2015Q1,HORNSBY,multi dwelling,13655,13670,585575.1
2015Q1,HORNSBY,single dwelling,40615,40630,2488803.9
2015Q1,HORNSBY,nonresidential,3645,3660,791664.5
2015Q1,HUNTERS HILL,multi dwelling,1840,1855,70766.3
2015Q1,HUNTERS HILL,single dwelling,3134,3149,265681.9
2015Q1,HUNTERS HILL,nonresidential,280,295,95682.4
2015Q1,HURSTVILLE,multi dwelling,11629,11644,555047.9
2015Q1,HURSTVILLE,single dwelling,17878,17893,1073680.3
2015Q1,HURSTVILLE,nonresidential,2459,2474,307455.5
2015Q1,KIAMA,multi dwelling,1408,1423,39065.4
2015Q1,KIAMA,single dwelling,6774,6789,296866.9
2015Q1,KIAMA,nonresidential,662,677,130477.6
2015Q1,KOGARAH,multi dwelling,9025,9040,448047.6
2015Q1,KOGARAH,single dwelling,12059,12074,798468
2015Q1,KOGARAH,nonresidential,1238,1253,291608.9
2015Q1,KU-RING-GAI,multi dwelling,7507,7522,299846.8
2015Q1,KU-RING-GAI,single dwelling,30743,30758,2373244.5
2015Q1,KU-RING-GAI,nonresidential,1491,1506,374777.7
2015Q1,LANE COVE,multi dwelling,6462,6477,236530.8
2015Q1,LANE COVE,single dwelling,6584,6599,431483.8
2015Q1,LANE COVE,nonresidential,1108,1123,196940.7
2015Q1,LEICHHARDT,multi dwelling,8596,8611,305808.8
2015Q1,LEICHHARDT,single dwelling,13900,13915,626696.4
2015Q1,LEICHHARDT,nonresidential,1942,1957,323406.6
2015Q1,LIVERPOOL,multi dwelling,13601,13616,717148.3
2015Q1,LIVERPOOL,single dwelling,42759,42774,2853253.7
2015Q1,LIVERPOOL,nonresidential,4204,4219,1563534.5
2015Q1,MANLY,multi dwelling,11092,11107,420978.8
2015Q1,MANLY,single dwelling,7151,7166,452536.7
2015Q1,MANLY,nonresidential,1152,1167,210145.1
2015Q1,MARRICKVILLE,multi dwelling,13976,13991,531731.2
2015Q1,MARRICKVILLE,single dwelling,17500,17515,886674.8
2015Q1,MARRICKVILLE,nonresidential,3174,3189,559473.2
2015Q1,MOSMAN,multi dwelling,7477,7492,271581.2
2015Q1,MOSMAN,single dwelling,5374,5389,440654.5
2015Q1,MOSMAN,nonresidential,680,695,172423.9
2015Q1,NORTH SYDNEY,multi dwelling,28776,28791,1055589.7
2015Q1,NORTH SYDNEY,single dwelling,5862,5877,336072
2015Q1,NORTH SYDNEY,nonresidential,3170,3185,629174.7
2015Q1,PARRAMATTA,multi dwelling,28608,28623,1385876.8
2015Q1,PARRAMATTA,single dwelling,33112,33127,1991236.5
2015Q1,PARRAMATTA,nonresidential,4922,4937,2172459.3
2015Q1,PENRITH,multi dwelling,11818,11833,466724.5
2015Q1,PENRITH,single dwelling,50521,50536,3270140.5
2015Q1,PENRITH,nonresidential,4125,4140,1093373.6
2015Q1,PITTWATER,multi dwelling,5306,5321,195864.9
2015Q1,PITTWATER,single dwelling,16753,16768,1052337
2015Q1,PITTWATER,nonresidential,1898,1913,245944.6
2015Q1,RANDWICK,multi dwelling,34010,34025,1404979.4
2015Q1,RANDWICK,single dwelling,19804,19819,1268214.2
2015Q1,RANDWICK,nonresidential,2149,2164,847600.6
2015Q1,ROCKDALE,multi dwelling,19006,19021,911507.3
2015Q1,ROCKDALE,single dwelling,19147,19162,1243491.7
2015Q1,ROCKDALE,nonresidential,2237,2252,380420.7
2015Q1,RYDE,multi dwelling,18469,18484,751173.5
2015Q1,RYDE,single dwelling,22116,22131,1343799.6
2015Q1,RYDE,nonresidential,2090,2105,925437.7
2015Q1,SHELLHARBOUR,multi dwelling,3961,3976,127171
2015Q1,SHELLHARBOUR,single dwelling,19321,19336,990957
2015Q1,SHELLHARBOUR,nonresidential,1281,1296,225041.3
2015Q1,STRATHFIELD,multi dwelling,6665,6680,404800
2015Q1,STRATHFIELD,single dwelling,6042,6057,467938.9
2015Q1,STRATHFIELD,nonresidential,1069,1084,319728.2
2015Q1,SUTHERLAND SHIRE,multi dwelling,28283,28298,1021149.8
2015Q1,SUTHERLAND SHIRE,single dwelling,52641,52656,3279321.1
2015Q1,SUTHERLAND SHIRE,nonresidential,5004,5019,1856460.1
2015Q1,SYDNEY,multi dwelling,74583,74598,3560260
2015Q1,SYDNEY,single dwelling,15026,15041,731762.9
2015Q1,SYDNEY,nonresidential,14379,14394,5583206.2
2015Q1,THE HILLS SHIRE,multi dwelling,7729,7744,339091.5
2015Q1,THE HILLS SHIRE,single dwelling,46601,46616,3188627.2
2015Q1,THE HILLS SHIRE,nonresidential,4153,4168,896007.2
2015Q1,WARRINGAH,multi dwelling,21093,21108,774715.7
2015Q1,WARRINGAH,single dwelling,32528,32543,2001050.7
2015Q1,WARRINGAH,nonresidential,4502,4517,561449.9
2015Q1,WAVERLEY,multi dwelling,20615,20630,838713.7
2015Q1,WAVERLEY,single dwelling,9282,9297,590957.4
2015Q1,WAVERLEY,nonresidential,1507,1522,389379.1
2015Q1,WILLOUGHBY,multi dwelling,13293,13308,643847.6
2015Q1,WILLOUGHBY,single dwelling,14497,14512,926598.2
2015Q1,WILLOUGHBY,nonresidential,2867,2882,750303.4
2015Q1,WINGECARRIBEE,multi dwelling,0,15,0
2015Q1,WINGECARRIBEE,single dwelling,10,25,550
2015Q1,WINGECARRIBEE,nonresidential,1,16,1048.3
2015Q1,WOLLONDILLY,multi dwelling,803,818,29162.1
2015Q1,WOLLONDILLY,single dwelling,10161,10176,662241.8
2015Q1,WOLLONDILLY,nonresidential,1051,1066,510209.7
2015Q1,WOLLONGONG,multi dwelling,22618,22633,740451.8
2015Q1,WOLLONGONG,single dwelling,54542,54557,2665282.4
2015Q1,WOLLONGONG,nonresidential,4877,4892,2738311.4
2015Q1,WOOLLAHRA,multi dwelling,15311,15326,642752
2015Q1,WOOLLAHRA,single dwelling,9476,9491,878554.6
2015Q1,WOOLLAHRA,nonresidential,1367,1382,241028.7
2015Q2,ASHFIELD,multi dwelling,9818,9833,439894.4
2015Q2,ASHFIELD,single dwelling,7019,7034,404158.7
2015Q2,ASHFIELD,nonresidential,899,914,183793.5
2015Q2,AUBURN,multi dwelling,11796,11811,710120.4
2015Q2,AUBURN,single dwelling,12210,12225,748773.3
2015Q2,AUBURN,nonresidential,2600,2615,1117732
2015Q2,BANKSTOWN,multi dwelling,17299,17314,847064.9
2015Q2,BANKSTOWN,single dwelling,44739,44754,2585717.2
2015Q2,BANKSTOWN,nonresidential,6244,6259,1252506.2
2015Q2,BLACKTOWN,multi dwelling,13813,13828,659256.4
2015Q2,BLACKTOWN,single dwelling,83397,83412,4555701.7
2015Q2,BLACKTOWN,nonresidential,6150,6165,1588390.1
2015Q2,BLUE MOUNTAINS,multi dwelling,2371,2386,68032.8
2015Q2,BLUE MOUNTAINS,single dwelling,30258,30273,1292960.9
2015Q2,BLUE MOUNTAINS,nonresidential,1558,1573,237943.2
2015Q2,BOTANY BAY,multi dwelling,8246,8261,405741.6
2015Q2,BOTANY BAY,single dwelling,6954,6969,405501.8
2015Q2,BOTANY BAY,nonresidential,1724,1739,1394504.1
2015Q2,BURWOOD,multi dwelling,5213,5228,305082.8
2015Q2,BURWOOD,single dwelling,6386,6401,403711
2015Q2,BURWOOD,nonresidential,896,911,221481.7
2015Q2,CAMDEN,multi dwelling,975,990,47830.2
2015Q2,CAMDEN,single dwelling,16322,16337,975631.8
2015Q2,CAMDEN,nonresidential,1680,1695,341502.7
2015Q2,CAMPBELLTOWN,multi dwelling,7293,7308,262373.1
2015Q2,CAMPBELLTOWN,single dwelling,43147,43162,2434201
2015Q2,CAMPBELLTOWN,nonresidential,3550,3565,731566
2015Q2,CANADA BAY,multi dwelling,15868,15883,650012
2015Q2,CANADA BAY,single dwelling,15313,15328,863097.4
2015Q2,CANADA BAY,nonresidential,1596,1611,318348.8
2015Q2,CANTERBURY,multi dwelling,23358,23373,1229746.1
2015Q2,CANTERBURY,single dwelling,27039,27054,1642856.6
2015Q2,CANTERBURY,nonresidential,3000,3015,460750.4
2015Q2,FAIRFIELD,multi dwelling,13888,13903,725490.7
2015Q2,FAIRFIELD,single dwelling,45371,45386,2839061.5
2015Q2,FAIRFIELD,nonresidential,4821,4836,1218262.1
2015Q2,HAWKESBURY,multi dwelling,3208,3223,139153.3
2015Q2,HAWKESBURY,single dwelling,12876,12891,745585.5
2015Q2,HAWKESBURY,nonresidential,1723,1738,351379.6
2015Q2,HOLROYD,multi dwelling,12733,12748,626917.5
2015Q2,HOLROYD,single dwelling,22869,22884,1268060.2
2015Q2,HOLROYD,nonresidential,2698,2713,1258016.1
2015Q2,HORNSBY,multi dwelling,13659,13674,569908.9
2015Q2,HORNSBY,single dwelling,40628,40643,2288181.5
2015Q2,HORNSBY,nonresidential,3644,3659,676373.5
2015Q2,HUNTERS HILL,multi dwelling,1840,1855,65223.4
2015Q2,HUNTERS HILL,single dwelling,3136,3151,231310.2
2015Q2,HUNTERS HILL,nonresidential,276,291,82095.2
2015Q2,HURSTVILLE,multi dwelling,11636,11651,557994.8
2015Q2,HURSTVILLE,single dwelling,17889,17904,1009267.6
2015Q2,HURSTVILLE,nonresidential,2448,2463,285093.6
2015Q2,KIAMA,multi dwelling,1386,1401,35610.3
2015Q2,KIAMA,single dwelling,6795,6810,273946.2
2015Q2,KIAMA,nonresidential,672,687,98291.6
2015Q2,KOGARAH,multi dwelling,9117,9132,450920.8
2015Q2,KOGARAH,single dwelling,12060,12075,727923.9
2015Q2,KOGARAH,nonresidential,1268,1283,248477.9
2015Q2,KU-RING-GAI,multi dwelling,7822,7837,291658.4
2015Q2,KU-RING-GAI,single dwelling,30746,30761,2041528.5
2015Q2,KU-RING-GAI,nonresidential,1461,1476,312055.7
2015Q2,LANE COVE,multi dwelling,6462,6477,240164.1
2015Q2,LANE COVE,single dwelling,6584,6599,394506.2
2015Q2,LANE COVE,nonresidential,1137,1152,199655.5
2015Q2,LEICHHARDT,multi dwelling,8596,8611,294124.6
2015Q2,LEICHHARDT,single dwelling,13912,13927,602918.8
2015Q2,LEICHHARDT,nonresidential,1918,1933,295321.4
2015Q2,LIVERPOOL,multi dwelling,13665,13680,677267.8
2015Q2,LIVERPOOL,single dwelling,42900,42915,2659022.3
2015Q2,LIVERPOOL,nonresidential,4265,4280,1265431.2
2015Q2,MANLY,multi dwelling,11093,11108,405291.7
2015Q2,MANLY,single dwelling,7154,7169,425032.3
2015Q2,MANLY,nonresidential,1147,1162,187421.3
2015Q2,MARRICKVILLE,multi dwelling,14016,14031,528246.4
2015Q2,MARRICKVILLE,single dwelling,17513,17528,853585.7
2015Q2,MARRICKVILLE,nonresidential,3166,3181,539917.4
2015Q2,MOSMAN,multi dwelling,7487,7502,265399.2
2015Q2,MOSMAN,single dwelling,5375,5390,426244.5
2015Q2,MOSMAN,nonresidential,675,690,140016.8
2015Q2,NORTH SYDNEY,multi dwelling,28813,28828,1036241.8
2015Q2,NORTH SYDNEY,single dwelling,5858,5873,316617.4
2015Q2,NORTH SYDNEY,nonresidential,3174,3189,561253
2015Q2,PARRAMATTA,multi dwelling,28715,28730,1402131.5
2015Q2,PARRAMATTA,single dwelling,33096,33111,1858436.8
2015Q2,PARRAMATTA,nonresidential,4902,4917,2045435.7
2015Q2,PENRITH,multi dwelling,11823,11838,468559.3
2015Q2,PENRITH,single dwelling,50544,50559,2934086.1
2015Q2,PENRITH,nonresidential,4091,4106,948843.5
2015Q2,PITTWATER,multi dwelling,5326,5341,185354.4
2015Q2,PITTWATER,single dwelling,16754,16769,950552.9
2015Q2,PITTWATER,nonresidential,1910,1925,218939.6
2015Q2,RANDWICK,multi dwelling,34032,34047,1461518.3
2015Q2,RANDWICK,single dwelling,19821,19836,1187469.8
2015Q2,RANDWICK,nonresidential,2142,2157,838234.1
2015Q2,ROCKDALE,multi dwelling,19058,19073,911821.9
2015Q2,ROCKDALE,single dwelling,19143,19158,1158001.9
2015Q2,ROCKDALE,nonresidential,2239,2254,356108.5
2015Q2,RYDE,multi dwelling,18519,18534,750696.1
2015Q2,RYDE,single dwelling,22107,22122,1242693.1
2015Q2,RYDE,nonresidential,2075,2090,783523.4
2015Q2,SHELLHARBOUR,multi dwelling,3975,3990,124836.8
2015Q2,SHELLHARBOUR,single dwelling,19370,19385,953475.6
2015Q2,SHELLHARBOUR,nonresidential,1277,1292,220086.9
2015Q2,STRATHFIELD,multi dwelling,6799,6814,411622.2
2015Q2,STRATHFIELD,single dwelling,6040,6055,427211.4
2015Q2,STRATHFIELD,nonresidential,1091,1106,290761.9
2015Q2,SUTHERLAND SHIRE,multi dwelling,28278,28293,1003083.4
2015Q2,SUTHERLAND SHIRE,single dwelling,52642,52657,2956525
2015Q2,SUTHERLAND SHIRE,nonresidential,4973,4988,1545033.6
2015Q2,SYDNEY,multi dwelling,74656,74671,3457586
2015Q2,SYDNEY,single dwelling,15038,15053,718984.2
2015Q2,SYDNEY,nonresidential,14451,14466,4817369.7
2015Q2,THE HILLS SHIRE,multi dwelling,7750,7765,325243.6
2015Q2,THE HILLS SHIRE,single dwelling,46672,46687,2820537.5
2015Q2,THE HILLS SHIRE,nonresidential,4169,4184,729985.3
2015Q2,WARRINGAH,multi dwelling,21137,21152,767507.4
2015Q2,WARRINGAH,single dwelling,32535,32550,1847846
2015Q2,WARRINGAH,nonresidential,4492,4507,517721.6
2015Q2,WAVERLEY,multi dwelling,20609,20624,820784.8
2015Q2,WAVERLEY,single dwelling,9285,9300,556232.6
2015Q2,WAVERLEY,nonresidential,1499,1514,333020.6
2015Q2,WILLOUGHBY,multi dwelling,13310,13325,613605.3
2015Q2,WILLOUGHBY,single dwelling,14497,14512,863157.9
2015Q2,WILLOUGHBY,nonresidential,2861,2876,683411.3
2015Q2,WINGECARRIBEE,multi dwelling,0,15,0
2015Q2,WINGECARRIBEE,single dwelling,10,25,647.9
2015Q2,WINGECARRIBEE,nonresidential,1,16,996.6
2015Q2,WOLLONDILLY,multi dwelling,823,838,26528.7
2015Q2,WOLLONDILLY,single dwelling,10199,10214,585110.9
2015Q2,WOLLONDILLY,nonresidential,1043,1058,506727.1
2015Q2,WOLLONGONG,multi dwelling,22696,22711,738194.6
2015Q2,WOLLONGONG,single dwelling,54589,54604,2587093.3
2015Q2,WOLLONGONG,nonresidential,4842,4857,2490152.5
2015Q2,WOOLLAHRA,multi dwelling,15317,15332,623175.3
2015Q2,WOOLLAHRA,single dwelling,9479,9494,815420.1
2015Q2,WOOLLAHRA,nonresidential,1360,1375,222312.2
2015Q3,ASHFIELD,multi dwelling,9804,9819,428789.9
2015Q3,ASHFIELD,single dwelling,7022,7037,395124.4
2015Q3,ASHFIELD,nonresidential,895,910,176250.8
2015Q3,AUBURN,multi dwelling,11977,11992,707984.2
2015Q3,AUBURN,single dwelling,12227,12242,753151.3
2015Q3,AUBURN,nonresidential,2605,2620,1089411.4
2015Q3,BANKSTOWN,multi dwelling,17366,17381,846632.6
2015Q3,BANKSTOWN,single dwelling,44737,44752,2585143
2015Q3,BANKSTOWN,nonresidential,6167,6182,1225495.7
2015Q3,BLACKTOWN,multi dwelling,13920,13935,669985.8
2015Q3,BLACKTOWN,single dwelling,83768,83783,4586061.7
2015Q3,BLACKTOWN,nonresidential,6174,6189,1571763.6
2015Q3,BLUE MOUNTAINS,multi dwelling,2363,2378,67269.4
2015Q3,BLUE MOUNTAINS,single dwelling,30281,30296,1263049.7
2015Q3,BLUE MOUNTAINS,nonresidential,1534,1549,236426.3
2015Q3,BOTANY BAY,multi dwelling,8243,8258,408091.2
2015Q3,BOTANY BAY,single dwelling,6955,6970,407905.3
2015Q3,BOTANY BAY,nonresidential,1702,1717,1474910.8
2015Q3,BURWOOD,multi dwelling,5224,5239,299587.2
2015Q3,BURWOOD,single dwelling,6384,6399,395418.1
2015Q3,BURWOOD,nonresidential,892,907,213291.1
2015Q3,CAMDEN,multi dwelling,980,995,43397.2
2015Q3,CAMDEN,single dwelling,16522,16537,934038.6
2015Q3,CAMDEN,nonresidential,1700,1715,297953.7
2015Q3,CAMPBELLTOWN,multi dwelling,7355,7370,258618.8
2015Q3,CAMPBELLTOWN,single dwelling,43074,43089,2364920.8
2015Q3,CAMPBELLTOWN,nonresidential,3528,3543,723660.3
2015Q3,CANADA BAY,multi dwelling,15930,15945,658186.1
2015Q3,CANADA BAY,single dwelling,15306,15321,861815.9
2015Q3,CANADA BAY,nonresidential,1599,1614,306773.5
2015Q3,CANTERBURY,multi dwelling,23383,23398,1200267.2
2015Q3,CANTERBURY,single dwelling,27053,27068,1615422.6
2015Q3,CANTERBURY,nonresidential,2975,2990,438394
2015Q3,FAIRFIELD,multi dwelling,13945,13960,712358.9
2015Q3,FAIRFIELD,single dwelling,45385,45400,2815242.1
2015Q3,FAIRFIELD,nonresidential,4756,4771,1202039.3
2015Q3,HAWKESBURY,multi dwelling,3213,3228,137318.5
2015Q3,HAWKESBURY,single dwelling,12883,12898,711548.2
2015Q3,HAWKESBURY,nonresidential,1713,1728,337609.8
2015Q3,HOLROYD,multi dwelling,12762,12777,622352.5
2015Q3,HOLROYD,single dwelling,22938,22953,1275078.2
2015Q3,HOLROYD,nonresidential,2700,2715,1235759.8
2015Q3,HORNSBY,multi dwelling,13665,13680,578282.1
2015Q3,HORNSBY,single dwelling,40649,40664,2254099.1
2015Q3,HORNSBY,nonresidential,3614,3629,639512.5
2015Q3,HUNTERS HILL,multi dwelling,1849,1864,65083.7
2015Q3,HUNTERS HILL,single dwelling,3137,3152,215757.3
2015Q3,HUNTERS HILL,nonresidential,275,290,80075.6
2015Q3,HURSTVILLE,multi dwelling,11668,11683,571028.7
2015Q3,HURSTVILLE,single dwelling,17904,17919,1010043.1
2015Q3,HURSTVILLE,nonresidential,2418,2433,288622.4
2015Q3,KIAMA,multi dwelling,1390,1405,35549.8
2015Q3,KIAMA,single dwelling,6823,6838,270538.4
2015Q3,KIAMA,nonresidential,660,675,93217.3
2015Q3,KOGARAH,multi dwelling,9122,9137,452830.4
2015Q3,KOGARAH,single dwelling,12057,12072,710155.6
2015Q3,KOGARAH,nonresidential,1326,1341,231357.5
2015Q3,KU-RING-GAI,multi dwelling,7986,8001,304736.3
2015Q3,KU-RING-GAI,single dwelling,30753,30768,1965206.1
2015Q3,KU-RING-GAI,nonresidential,1436,1451,304570.2
2015Q3,LANE COVE,multi dwelling,6462,6477,246831.2
2015Q3,LANE COVE,single dwelling,6581,6596,379031.4
2015Q3,LANE COVE,nonresidential,1131,1146,183848.5
2015Q3,LEICHHARDT,multi dwelling,8615,8630,295615.1
2015Q3,LEICHHARDT,single dwelling,13928,13943,604234.4
2015Q3,LEICHHARDT,nonresidential,1895,1910,281058.8
2015Q3,LIVERPOOL,multi dwelling,13724,13739,674471.6
2015Q3,LIVERPOOL,single dwelling,43065,43080,2656855.3
2015Q3,LIVERPOOL,nonresidential,4289,4304,1201261.6
2015Q3,MANLY,multi dwelling,11085,11100,396255.2
2015Q3,MANLY,single dwelling,7156,7171,403156.6
2015Q3,MANLY,nonresidential,1149,1164,183916.7
2015Q3,MARRICKVILLE,multi dwelling,14052,14067,516574.3
2015Q3,MARRICKVILLE,single dwelling,17530,17545,846841.6
2015Q3,MARRICKVILLE,nonresidential,3158,3173,533170
2015Q3,MOSMAN,multi dwelling,7487,7502,256242.8
2015Q3,MOSMAN,single dwelling,5374,5389,388166.9
2015Q3,MOSMAN,nonresidential,672,687,147066.7
2015Q3,NORTH SYDNEY,multi dwelling,28869,28884,1014263.8
2015Q3,NORTH SYDNEY,single dwelling,5867,5882,307737.1
2015Q3,NORTH SYDNEY,nonresidential,3169,3184,521425.3
2015Q3,PARRAMATTA,multi dwelling,28777,28792,1394487.6
2015Q3,PARRAMATTA,single dwelling,33113,33128,1859690.8
2015Q3,PARRAMATTA,nonresidential,4883,4898,1983590.4
2015Q3,PENRITH,multi dwelling,11909,11924,462530.2
2015Q3,PENRITH,single dwelling,50595,50610,2845981.6
2015Q3,PENRITH,nonresidential,4066,4081,893720.3
2015Q3,PITTWATER,multi dwelling,5350,5365,184614.1
2015Q3,PITTWATER,single dwelling,16757,16772,928291.1
2015Q3,PITTWATER,nonresidential,1911,1926,195142.2
2015Q3,RANDWICK,multi dwelling,34113,34128,1446063.3
2015Q3,RANDWICK,single dwelling,19823,19838,1161363.5
2015Q3,RANDWICK,nonresidential,2139,2154,782758.9
2015Q3,ROCKDALE,multi dwelling,19064,19079,918320.7
2015Q3,ROCKDALE,single dwelling,19139,19154,1137104.1
2015Q3,ROCKDALE,nonresidential,2224,2239,319834.9
2015Q3,RYDE,multi dwelling,18661,18676,758742.6
2015Q3,RYDE,single dwelling,22094,22109,1234899.6
2015Q3,RYDE,nonresidential,2063,2078,704052.8
2015Q3,SHELLHARBOUR,multi dwelling,3992,4007,124885.2
2015Q3,SHELLHARBOUR,single dwelling,19419,19434,953218.2
2015Q3,SHELLHARBOUR,nonresidential,1262,1277,214995
2015Q3,STRATHFIELD,multi dwelling,6838,6853,411624.4
2015Q3,STRATHFIELD,single dwelling,6038,6053,416178.4
2015Q3,STRATHFIELD,nonresidential,1091,1106,284145.4
2015Q3,SUTHERLAND SHIRE,multi dwelling,28318,28333,999341.2
2015Q3,SUTHERLAND SHIRE,single dwelling,52635,52650,2908595.8
2015Q3,SUTHERLAND SHIRE,nonresidential,4997,5012,1490857.5
2015Q3,SYDNEY,multi dwelling,74946,74961,3501389.1
2015Q3,SYDNEY,single dwelling,15054,15069,727675.3
2015Q3,SYDNEY,nonresidential,14505,14520,4723777.3
2015Q3,THE HILLS SHIRE,multi dwelling,7789,7804,339203.7
2015Q3,THE HILLS SHIRE,single dwelling,46780,46795,2806776.5
2015Q3,THE HILLS SHIRE,nonresidential,4142,4157,701890.2
2015Q3,WARRINGAH,multi dwelling,21200,21215,776231.5
2015Q3,WARRINGAH,single dwelling,32572,32587,1854856.3
2015Q3,WARRINGAH,nonresidential,4470,4485,495457.6
2015Q3,WAVERLEY,multi dwelling,20632,20647,806842.3
2015Q3,WAVERLEY,single dwelling,9285,9300,543829
2015Q3,WAVERLEY,nonresidential,1496,1511,313597.9
2015Q3,WILLOUGHBY,multi dwelling,13304,13319,625070.6
2015Q3,WILLOUGHBY,single dwelling,14506,14521,838017.4
2015Q3,WILLOUGHBY,nonresidential,2851,2866,664402.2
2015Q3,WINGECARRIBEE,multi dwelling,0,15,0
2015Q3,WINGECARRIBEE,single dwelling,10,25,524.7
2015Q3,WINGECARRIBEE,nonresidential,1,16,931.7
2015Q3,WOLLONDILLY,multi dwelling,834,849,26195.4
2015Q3,WOLLONDILLY,single dwelling,10231,10246,548840.6
2015Q3,WOLLONDILLY,nonresidential,1045,1060,422785
2015Q3,WOLLONGONG,multi dwelling,22737,22752,737812.9
2015Q3,WOLLONGONG,single dwelling,54659,54674,2587805
2015Q3,WOLLONGONG,nonresidential,4816,4831,2289420.1
2015Q3,WOOLLAHRA,multi dwelling,15310,15325,612276.5
2015Q3,WOOLLAHRA,single dwelling,9494,9509,757475.4
2015Q3,WOOLLAHRA,nonresidential,1345,1360,216129.1
2015Q4,ASHFIELD,multi dwelling,9780,9795,437907.8
2015Q4,ASHFIELD,single dwelling,7026,7041,429984.5
2015Q4,ASHFIELD,nonresidential,894,909,182195.2
2015Q4,AUBURN,multi dwelling,12117,12132,718110.8
2015Q4,AUBURN,single dwelling,12241,12256,772206.6
2015Q4,AUBURN,nonresidential,2607,2622,1188463.1
2015Q4,BANKSTOWN,multi dwelling,17369,17384,883433.1
2015Q4,BANKSTOWN,single dwelling,44773,44788,2783825
2015Q4,BANKSTOWN,nonresidential,6117,6132,1352700.8
2015Q4,BLACKTOWN,multi dwelling,14067,14082,695075.7
2015Q4,BLACKTOWN,single dwelling,84119,84134,4899451.7
2015Q4,BLACKTOWN,nonresidential,6175,6190,1656482.3
2015Q4,BLUE MOUNTAINS,multi dwelling,2394,2409,68825.9
2015Q4,BLUE MOUNTAINS,single dwelling,30309,30324,1329738.3
2015Q4,BLUE MOUNTAINS,nonresidential,1552,1567,258023.7
2015Q4,BOTANY BAY,multi dwelling,8287,8302,418256.3
2015Q4,BOTANY BAY,single dwelling,6955,6970,427498.5
2015Q4,BOTANY BAY,nonresidential,1721,1736,1452161.7
2015Q4,BURWOOD,multi dwelling,5240,5255,309648.9
2015Q4,BURWOOD,single dwelling,6385,6400,422054.6
2015Q4,BURWOOD,nonresidential,894,909,230633.7
2015Q4,CAMDEN,multi dwelling,998,1013,42093.7
2015Q4,CAMDEN,single dwelling,16687,16702,1046819.4
2015Q4,CAMDEN,nonresidential,1730,1745,338719.7
2015Q4,CAMPBELLTOWN,multi dwelling,7387,7402,266070.2
2015Q4,CAMPBELLTOWN,single dwelling,43095,43110,2521944.7
2015Q4,CAMPBELLTOWN,nonresidential,3564,3579,780883.4
2015Q4,CANADA BAY,multi dwelling,16090,16105,671344.3
2015Q4,CANADA BAY,single dwelling,15310,15325,918575.9
2015Q4,CANADA BAY,nonresidential,1603,1618,337011.4
2015Q4,CANTERBURY,multi dwelling,23522,23537,1229971.6
2015Q4,CANTERBURY,single dwelling,27050,27065,1721122.7
2015Q4,CANTERBURY,nonresidential,2955,2970,453805
2015Q4,FAIRFIELD,multi dwelling,14080,14095,743399.8
2015Q4,FAIRFIELD,single dwelling,45320,45335,2951366
2015Q4,FAIRFIELD,nonresidential,4768,4783,1263090.4
2015Q4,HAWKESBURY,multi dwelling,3222,3237,154566.5
2015Q4,HAWKESBURY,single dwelling,12889,12904,804856.8
2015Q4,HAWKESBURY,nonresidential,1722,1737,376768.7
2015Q4,HOLROYD,multi dwelling,12886,12901,631482.5
2015Q4,HOLROYD,single dwelling,22977,22992,1333681.8
2015Q4,HOLROYD,nonresidential,2660,2675,1289233
2015Q4,HORNSBY,multi dwelling,13675,13690,575136.1
2015Q4,HORNSBY,single dwelling,40667,40682,2358530.9
2015Q4,HORNSBY,nonresidential,3582,3597,676822.3
2015Q4,HUNTERS HILL,multi dwelling,1855,1870,68808.3
2015Q4,HUNTERS HILL,single dwelling,3137,3152,242184.8
2015Q4,HUNTERS HILL,nonresidential,276,291,82044.6
2015Q4,HURSTVILLE,multi dwelling,11698,11713,569901.2
2015Q4,HURSTVILLE,single dwelling,17909,17924,1059661.9
2015Q4,HURSTVILLE,nonresidential,2414,2429,295950.6
2015Q4,KIAMA,multi dwelling,1384,1399,37458.3
2015Q4,KIAMA,single dwelling,6839,6854,283343.5
2015Q4,KIAMA,nonresidential,659,674,103734.4
2015Q4,KOGARAH,multi dwelling,9128,9143,463632.4
2015Q4,KOGARAH,single dwelling,12056,12071,782324.4
2015Q4,KOGARAH,nonresidential,1334,1349,236784.9
2015Q4,KU-RING-GAI,multi dwelling,8182,8197,315983.8
2015Q4,KU-RING-GAI,single dwelling,30756,30771,2234936
2015Q4,KU-RING-GAI,nonresidential,1416,1431,317693.2
2015Q4,LANE COVE,multi dwelling,6461,6476,248637.4
2015Q4,LANE COVE,single dwelling,6584,6599,420257.2
2015Q4,LANE COVE,nonresidential,1140,1155,185781.2
2015Q4,LEICHHARDT,multi dwelling,8725,8740,301644.2
2015Q4,LEICHHARDT,single dwelling,13944,13959,622086.3
2015Q4,LEICHHARDT,nonresidential,1893,1908,289263.7
2015Q4,LIVERPOOL,multi dwelling,13783,13798,706258.3
2015Q4,LIVERPOOL,single dwelling,43209,43224,2808538.7
2015Q4,LIVERPOOL,nonresidential,4339,4354,1335316.4
2015Q4,MANLY,multi dwelling,11085,11100,415236.8
2015Q4,MANLY,single dwelling,7161,7176,440601.7
2015Q4,MANLY,nonresidential,1155,1170,187228.8
2015Q4,MARRICKVILLE,multi dwelling,14126,14141,528352
2015Q4,MARRICKVILLE,single dwelling,17541,17556,883672.9
2015Q4,MARRICKVILLE,nonresidential,3155,3170,545475.7
2015Q4,MOSMAN,multi dwelling,7484,7499,268566.1
2015Q4,MOSMAN,single dwelling,5376,5391,421127.3
2015Q4,MOSMAN,nonresidential,667,682,128959.6
2015Q4,NORTH SYDNEY,multi dwelling,28903,28918,1036547.6
2015Q4,NORTH SYDNEY,single dwelling,5867,5882,322791.7
2015Q4,NORTH SYDNEY,nonresidential,3159,3174,532947.8
2015Q4,PARRAMATTA,multi dwelling,29011,29026,1385618.3
2015Q4,PARRAMATTA,single dwelling,33138,33153,1934059.6
2015Q4,PARRAMATTA,nonresidential,4868,4883,2026513.5
2015Q4,PENRITH,multi dwelling,11987,12002,471355.5
2015Q4,PENRITH,single dwelling,50642,50657,3063976.3
2015Q4,PENRITH,nonresidential,4082,4097,1017420.8
2015Q4,PITTWATER,multi dwelling,5349,5364,195396.3
2015Q4,PITTWATER,single dwelling,16771,16786,1034574.2
2015Q4,PITTWATER,nonresidential,1922,1937,210725.9
2015Q4,RANDWICK,multi dwelling,34234,34249,1461895.6
2015Q4,RANDWICK,single dwelling,19820,19835,1251358.9
2015Q4,RANDWICK,nonresidential,2137,2152,738048.3
2015Q4,ROCKDALE,multi dwelling,19070,19085,930266.7
2015Q4,ROCKDALE,single dwelling,19145,19160,1217618.6
2015Q4,ROCKDALE,nonresidential,2215,2230,332742.3
2015Q4,RYDE,multi dwelling,18891,18906,785282.3
2015Q4,RYDE,single dwelling,22071,22086,1332167.1
2015Q4,RYDE,nonresidential,2073,2088,729569.5
2015Q4,SHELLHARBOUR,multi dwelling,4015,4030,129210.4
2015Q4,SHELLHARBOUR,single dwelling,19451,19466,977713
2015Q4,SHELLHARBOUR,nonresidential,1262,1277,209531.3
2015Q4,STRATHFIELD,multi dwelling,6848,6863,414114.8
2015Q4,STRATHFIELD,single dwelling,6041,6056,455560.6
2015Q4,STRATHFIELD,nonresidential,1087,1102,330756.8
2015Q4,SUTHERLAND SHIRE,multi dwelling,28378,28393,1034277.2
2015Q4,SUTHERLAND SHIRE,single dwelling,52626,52641,3228495.6
2015Q4,SUTHERLAND SHIRE,nonresidential,5019,5034,1511082.1
2015Q4,SYDNEY,multi dwelling,75409,75424,3394987.2
2015Q4,SYDNEY,single dwelling,15083,15098,734324.8
2015Q4,SYDNEY,nonresidential,14601,14616,4747033.5
2015Q4,THE HILLS SHIRE,multi dwelling,7830,7845,335384.5
2015Q4,THE HILLS SHIRE,single dwelling,46881,46896,2941857.6
2015Q4,THE HILLS SHIRE,nonresidential,4158,4173,748590.7
2015Q4,WARRINGAH,multi dwelling,21351,21366,793606
2015Q4,WARRINGAH,single dwelling,32589,32604,1998762.7
2015Q4,WARRINGAH,nonresidential,4533,4548,524769.3
2015Q4,WAVERLEY,multi dwelling,20642,20657,844289.6
2015Q4,WAVERLEY,single dwelling,9292,9307,577288.8
2015Q4,WAVERLEY,nonresidential,1494,1509,334401.1
2015Q4,WILLOUGHBY,multi dwelling,13348,13363,591432.6
2015Q4,WILLOUGHBY,single dwelling,14506,14521,908512
2015Q4,WILLOUGHBY,nonresidential,2830,2845,644455.9
2015Q4,WINGECARRIBEE,multi dwelling,0,15,0
2015Q4,WINGECARRIBEE,single dwelling,10,25,476.3
2015Q4,WINGECARRIBEE,nonresidential,1,16,1078
2015Q4,WOLLONDILLY,multi dwelling,837,852,29496.5
2015Q4,WOLLONDILLY,single dwelling,10264,10279,600932.2
2015Q4,WOLLONDILLY,nonresidential,1047,1062,566200.8
2015Q4,WOLLONGONG,multi dwelling,22827,22842,759490.6
2015Q4,WOLLONGONG,single dwelling,54710,54725,2673046.2
2015Q4,WOLLONGONG,nonresidential,4794,4809,2299871.2
2015Q4,WOOLLAHRA,multi dwelling,15323,15338,649995.5
2015Q4,WOOLLAHRA,single dwelling,9493,9508,832253.4
2015Q4,WOOLLAHRA,nonresidential,1339,1354,222196.7
2016Q1,ASHFIELD,multi dwelling,9783,9798,439093.6
2016Q1,ASHFIELD,single dwelling,7029,7044,430169.3
2016Q1,ASHFIELD,nonresidential,893,908,196047.5
2016Q1,AUBURN,multi dwelling,12155,12170,735704.2
2016Q1,AUBURN,single dwelling,12267,12282,805182.4
2016Q1,AUBURN,nonresidential,2634,2649,1248692.5
2016Q1,BANKSTOWN,multi dwelling,17499,17514,887802.3
2016Q1,BANKSTOWN,single dwelling,44786,44801,2752343
2016Q1,BANKSTOWN,nonresidential,6073,6088,1390552.9
2016Q1,BLACKTOWN,multi dwelling,14193,14208,701836.3
2016Q1,BLACKTOWN,single dwelling,84314,84329,4851510.4
2016Q1,BLACKTOWN,nonresidential,6204,6219,1819378
2016Q1,BLUE MOUNTAINS,multi dwelling,2406,2421,69080
2016Q1,BLUE MOUNTAINS,single dwelling,30334,30349,1312229.6
2016Q1,BLUE MOUNTAINS,nonresidential,1536,1551,257544.1
2016Q1,BOTANY BAY,multi dwelling,8280,8295,431890.8
2016Q1,BOTANY BAY,single dwelling,6954,6969,433317.5
2016Q1,BOTANY BAY,nonresidential,1722,1737,1466945.7
2016Q1,BURWOOD,multi dwelling,5271,5286,311366
2016Q1,BURWOOD,single dwelling,6378,6393,424587.9
2016Q1,BURWOOD,nonresidential,904,919,250171.9
2016Q1,CAMDEN,multi dwelling,1011,1026,43600.7
2016Q1,CAMDEN,single dwelling,16820,16835,1084188.6
2016Q1,CAMDEN,nonresidential,1813,1828,370945.3
2016Q1,CAMPBELLTOWN,multi dwelling,7615,7630,273595.3
2016Q1,CAMPBELLTOWN,single dwelling,43156,43171,2608221
2016Q1,CAMPBELLTOWN,nonresidential,3584,3599,851150.3
2016Q1,CANADA BAY,multi dwelling,16268,16283,686480.3
2016Q1,CANADA BAY,single dwelling,15314,15329,911949.5
2016Q1,CANADA BAY,nonresidential,1606,1621,394541.4
2016Q1,CANTERBURY,multi dwelling,23642,23657,1262415
2016Q1,CANTERBURY,single dwelling,27061,27076,1769449
2016Q1,CANTERBURY,nonresidential,2939,2954,513960.7
2016Q1,FAIRFIELD,multi dwelling,14144,14159,774189.9
2016Q1,FAIRFIELD,single dwelling,45366,45381,3080508.2
2016Q1,FAIRFIELD,nonresidential,4746,4761,1348597.8
2016Q1,HAWKESBURY,multi dwelling,3227,3242,158380.2
2016Q1,HAWKESBURY,single dwelling,12912,12927,865915.6
2016Q1,HAWKESBURY,nonresidential,1720,1735,398259.4
2016Q1,HOLROYD,multi dwelling,12900,12915,644260.1
2016Q1,HOLROYD,single dwelling,23011,23026,1371559.2
2016Q1,HOLROYD,nonresidential,2654,2669,1281132.6
2016Q1,HORNSBY,multi dwelling,13741,13756,612604.3
2016Q1,HORNSBY,single dwelling,40709,40724,2553238.6
2016Q1,HORNSBY,nonresidential,3553,3568,826428.9
2016Q1,HUNTERS HILL,multi dwelling,1855,1870,79319.9
2016Q1,HUNTERS HILL,single dwelling,3136,3151,276343.1
2016Q1,HUNTERS HILL,nonresidential,276,291,100566.4
2016Q1,HURSTVILLE,multi dwelling,11731,11746,585002
2016Q1,HURSTVILLE,single dwelling,17910,17925,1080963.4
2016Q1,HURSTVILLE,nonresidential,2409,2424,306396.2
2016Q1,KIAMA,multi dwelling,1381,1396,39359.1
2016Q1,KIAMA,single dwelling,6855,6870,291956.5
2016Q1,KIAMA,nonresidential,671,686,122923.9
2016Q1,KOGARAH,multi dwelling,9137,9152,463201.2
2016Q1,KOGARAH,single dwelling,12052,12067,789153.2
2016Q1,KOGARAH,nonresidential,1339,1354,278791.7
2016Q1,KU-RING-GAI,multi dwelling,8490,8505,322748.8
2016Q1,KU-RING-GAI,single dwelling,30755,30770,2268103.2
2016Q1,KU-RING-GAI,nonresidential,1415,1430,354021.8
2016Q1,LANE COVE,multi dwelling,6461,6476,248793.6
2016Q1,LANE COVE,single dwelling,6587,6602,453728
2016Q1,LANE COVE,nonresidential,1159,1174,209525.8
2016Q1,LEICHHARDT,multi dwelling,8736,8751,319468.6
2016Q1,LEICHHARDT,single dwelling,13965,13980,644437.2
2016Q1,LEICHHARDT,nonresidential,1898,1913,325835.4
2016Q1,LIVERPOOL,multi dwelling,13842,13857,723659.2
2016Q1,LIVERPOOL,single dwelling,43344,43359,2874928.1
2016Q1,LIVERPOOL,nonresidential,4341,4356,1537818.7
2016Q1,MANLY,multi dwelling,11097,11112,439252
2016Q1,MANLY,single dwelling,7175,7190,460024.4
2016Q1,MANLY,nonresidential,1141,1156,257372.5
2016Q1,MARRICKVILLE,multi dwelling,14149,14164,528724.9
2016Q1,MARRICKVILLE,single dwelling,17547,17562,867717.4
2016Q1,MARRICKVILLE,nonresidential,3154,3169,565282.3
2016Q1,MOSMAN,multi dwelling,7486,7501,273444.6
2016Q1,MOSMAN,single dwelling,5375,5390,452090.1
2016Q1,MOSMAN,nonresidential,665,680,151006.9
2016Q1,NORTH SYDNEY,multi dwelling,28976,28991,1079564.2
2016Q1,NORTH SYDNEY,single dwelling,5868,5883,349450.2
2016Q1,NORTH SYDNEY,nonresidential,3173,3188,607307.8
2016Q1,PARRAMATTA,multi dwelling,29305,29320,1448627.4
2016Q1,PARRAMATTA,single dwelling,33149,33164,2075469
2016Q1,PARRAMATTA,nonresidential,4869,4884,2411742.3
2016Q1,PENRITH,multi dwelling,12080,12095,478654
2016Q1,PENRITH,single dwelling,50751,50766,3135313.5
2016Q1,PENRITH,nonresidential,4045,4060,1059258.2
2016Q1,PITTWATER,multi dwelling,5378,5393,200713.7
2016Q1,PITTWATER,single dwelling,16793,16808,1074575.7
2016Q1,PITTWATER,nonresidential,1914,1929,236992.8
2016Q1,RANDWICK,multi dwelling,34335,34350,1471123.5
2016Q1,RANDWICK,single dwelling,19830,19845,1254113.3
2016Q1,RANDWICK,nonresidential,2202,2217,859119.8
2016Q1,ROCKDALE,multi dwelling,19071,19086,930615.4
2016Q1,ROCKDALE,single dwelling,19151,19166,1231428
2016Q1,ROCKDALE,nonresidential,2216,2231,371444.7
2016Q1,RYDE,multi dwelling,19230,19245,822681.2
2016Q1,RYDE,single dwelling,22066,22081,1319816.3
2016Q1,RYDE,nonresidential,2057,2072,955427
2016Q1,SHELLHARBOUR,multi dwelling,4032,4047,129446.9
2016Q1,SHELLHARBOUR,single dwelling,19466,19481,988669
2016Q1,SHELLHARBOUR,nonresidential,1271,1286,216013.6
2016Q1,STRATHFIELD,multi dwelling,6848,6863,416693.2
2016Q1,STRATHFIELD,single dwelling,6042,6057,455112.9
2016Q1,STRATHFIELD,nonresidential,1085,1100,334688.2
2016Q1,SUTHERLAND SHIRE,multi dwelling,28420,28435,1026331.9
2016Q1,SUTHERLAND SHIRE,single dwelling,52626,52641,3226055.8
2016Q1,SUTHERLAND SHIRE,nonresidential,5017,5032,1753737.7
2016Q1,SYDNEY,multi dwelling,75480,75495,3699380.3
2016Q1,SYDNEY,single dwelling,15102,15117,740914.9
2016Q1,SYDNEY,nonresidential,14607,14622,5868203
2016Q1,THE HILLS SHIRE,multi dwelling,7815,7830,358397.6
2016Q1,THE HILLS SHIRE,single dwelling,46952,46967,3365113.4
2016Q1,THE HILLS SHIRE,nonresidential,4169,4184,966124.5
2016Q1,WARRINGAH,multi dwelling,21434,21449,820144.6
2016Q1,WARRINGAH,single dwelling,32598,32613,2003320
2016Q1,WARRINGAH,nonresidential,4548,4563,596678.5
2016Q1,WAVERLEY,multi dwelling,20657,20672,861181.2
2016Q1,WAVERLEY,single dwelling,9293,9308,576154.7
2016Q1,WAVERLEY,nonresidential,1496,1511,342775.4
2016Q1,WILLOUGHBY,multi dwelling,13376,13391,630147.1
2016Q1,WILLOUGHBY,single dwelling,14505,14520,918685.9
2016Q1,WILLOUGHBY,nonresidential,2802,2817,797832.2
2016Q1,WINGECARRIBEE,multi dwelling,0,15,0
2016Q1,WINGECARRIBEE,single dwelling,10,25,440
2016Q1,WINGECARRIBEE,nonresidential,1,16,1233.1
2016Q1,WOLLONDILLY,multi dwelling,841,856,29753.9
2016Q1,WOLLONDILLY,single dwelling,10328,10343,622575.8
2016Q1,WOLLONDILLY,nonresidential,1049,1064,536936.4
2016Q1,WOLLONGONG,multi dwelling,22949,22964,762363.8
2016Q1,WOLLONGONG,single dwelling,54739,54754,2698777.4
2016Q1,WOLLONGONG,nonresidential,4790,4805,2467323.1
2016Q1,WOOLLAHRA,multi dwelling,15326,15341,656109.3
2016Q1,WOOLLAHRA,single dwelling,9493,9508,856806.5
2016Q1,WOOLLAHRA,nonresidential,1340,1355,248672.6
2016Q2,ASHFIELD,multi dwelling,9783,9798,438262
2016Q2,ASHFIELD,single dwelling,7031,7046,399813.7
2016Q2,ASHFIELD,nonresidential,892,907,186531.4
2016Q2,AUBURN,multi dwelling,12215,12230,723450.2
2016Q2,AUBURN,single dwelling,12282,12297,747634.8
2016Q2,AUBURN,nonresidential,2651,2666,1101203.4
2016Q2,BANKSTOWN,multi dwelling,17549,17564,877905.6
2016Q2,BANKSTOWN,single dwelling,44782,44797,2604039.9
2016Q2,BANKSTOWN,nonresidential,6028,6043,1240551.4
2016Q2,BLACKTOWN,multi dwelling,14262,14277,695843.5
2016Q2,BLACKTOWN,single dwelling,84446,84461,4638493.2
2016Q2,BLACKTOWN,nonresidential,6297,6312,1638802
2016Q2,BLUE MOUNTAINS,multi dwelling,2409,2424,69384.7
2016Q2,BLUE MOUNTAINS,single dwelling,30348,30363,1247455
2016Q2,BLUE MOUNTAINS,nonresidential,1526,1541,237415.2
2016Q2,BOTANY BAY,multi dwelling,8375,8390,423927.9
2016Q2,BOTANY BAY,single dwelling,6953,6968,412688.1
2016Q2,BOTANY BAY,nonresidential,1720,1735,1398855.7
2016Q2,BURWOOD,multi dwelling,5276,5291,311709.2
2016Q2,BURWOOD,single dwelling,6376,6391,398960.1
2016Q2,BURWOOD,nonresidential,912,927,216730.8
2016Q2,CAMDEN,multi dwelling,1019,1034,41355.6
2016Q2,CAMDEN,single dwelling,16927,16942,981640
2016Q2,CAMDEN,nonresidential,1886,1901,318561.1
2016Q2,CAMPBELLTOWN,multi dwelling,7641,7656,269098.5
2016Q2,CAMPBELLTOWN,single dwelling,43194,43209,2359387.8
2016Q2,CAMPBELLTOWN,nonresidential,3584,3599,786894.9
2016Q2,CANADA BAY,multi dwelling,16375,16390,689346.9
2016Q2,CANADA BAY,single dwelling,15312,15327,865322.7
2016Q2,CANADA BAY,nonresidential,1610,1625,321257.2
2016Q2,CANTERBURY,multi dwelling,23670,23685,1238416.3
2016Q2,CANTERBURY,single dwelling,27061,27076,1608327.6
2016Q2,CANTERBURY,nonresidential,2948,2963,437863.8
2016Q2,FAIRFIELD,multi dwelling,14170,14185,744332.6
2016Q2,FAIRFIELD,single dwelling,45380,45395,2832338.3
2016Q2,FAIRFIELD,nonresidential,4791,4806,1199346.5
2016Q2,HAWKESBURY,multi dwelling,3233,3248,144032.9
2016Q2,HAWKESBURY,single dwelling,12923,12938,700620.8
2016Q2,HAWKESBURY,nonresidential,1728,1743,350023.3
2016Q2,HOLROYD,multi dwelling,12900,12915,642966.5
2016Q2,HOLROYD,single dwelling,23028,23043,1291126.1
2016Q2,HOLROYD,nonresidential,2661,2676,1220688.7
2016Q2,HORNSBY,multi dwelling,13740,13755,583276.1
2016Q2,HORNSBY,single dwelling,40707,40722,2241892.4
2016Q2,HORNSBY,nonresidential,3559,3574,641639.9
2016Q2,HUNTERS HILL,multi dwelling,1855,1870,72757.3
2016Q2,HUNTERS HILL,single dwelling,3136,3151,212793.9
2016Q2,HUNTERS HILL,nonresidential,275,290,79519
2016Q2,HURSTVILLE,multi dwelling,11761,11776,583972.4
2016Q2,HURSTVILLE,single dwelling,17912,17927,1011135.4
2016Q2,HURSTVILLE,nonresidential,2451,2466,279384.6
2016Q2,KIAMA,multi dwelling,1383,1398,36064.6
2016Q2,KIAMA,single dwelling,6867,6882,268658.5
2016Q2,KIAMA,nonresidential,669,684,97741.6
2016Q2,KOGARAH,multi dwelling,9142,9157,463971.2
2016Q2,KOGARAH,single dwelling,12044,12059,716686.3
2016Q2,KOGARAH,nonresidential,1332,1347,227517.4
2016Q2,KU-RING-GAI,multi dwelling,8626,8641,328355.5
2016Q2,KU-RING-GAI,single dwelling,30735,30750,2026131.8
2016Q2,KU-RING-GAI,nonresidential,1418,1433,307468.7
2016Q2,LANE COVE,multi dwelling,6491,6506,243887.6
2016Q2,LANE COVE,single dwelling,6589,6604,383219.1
2016Q2,LANE COVE,nonresidential,1158,1173,190260.4
2016Q2,LEICHHARDT,multi dwelling,8749,8764,317220.2
2016Q2,LEICHHARDT,single dwelling,13973,13988,600897
2016Q2,LEICHHARDT,nonresidential,1921,1936,288448.6
2016Q2,LIVERPOOL,multi dwelling,13867,13882,693822.8
2016Q2,LIVERPOOL,single dwelling,43428,43443,2689534.1
2016Q2,LIVERPOOL,nonresidential,4385,4400,1273665.8
2016Q2,MANLY,multi dwelling,11096,11111,412920.2
2016Q2,MANLY,single dwelling,7177,7192,410163.6
2016Q2,MANLY,nonresidential,1146,1161,169615.6
2016Q2,MARRICKVILLE,multi dwelling,14177,14192,531007.4
2016Q2,MARRICKVILLE,single dwelling,17552,17567,843312.8
2016Q2,MARRICKVILLE,nonresidential,3151,3166,519382.6
2016Q2,MOSMAN,multi dwelling,7495,7510,261930.9
2016Q2,MOSMAN,single dwelling,5374,5389,382616.3
2016Q2,MOSMAN,nonresidential,669,684,129761.5
2016Q2,NORTH SYDNEY,multi dwelling,28982,28997,1037558.5
2016Q2,NORTH SYDNEY,single dwelling,5869,5884,304163.2
2016Q2,NORTH SYDNEY,nonresidential,3165,3180,522556.1
2016Q2,PARRAMATTA,multi dwelling,29579,29594,1429792.1
2016Q2,PARRAMATTA,single dwelling,33132,33147,1834787.9
2016Q2,PARRAMATTA,nonresidential,4858,4873,2077122.3
2016Q2,PENRITH,multi dwelling,12148,12163,461463.2
2016Q2,PENRITH,single dwelling,50774,50789,2857202.7
2016Q2,PENRITH,nonresidential,4054,4069,921245.6
2016Q2,PITTWATER,multi dwelling,5392,5407,187101.2
2016Q2,PITTWATER,single dwelling,16810,16825,940320.7
2016Q2,PITTWATER,nonresidential,1924,1939,198992.2
2016Q2,RANDWICK,multi dwelling,34375,34390,1487836.9
2016Q2,RANDWICK,single dwelling,19862,19877,1173235.8
2016Q2,RANDWICK,nonresidential,2234,2249,832993.7
2016Q2,ROCKDALE,multi dwelling,19068,19083,927614.6
2016Q2,ROCKDALE,single dwelling,19147,19162,1140770.4
2016Q2,ROCKDALE,nonresidential,2226,2241,336150.1
2016Q2,RYDE,multi dwelling,19229,19244,818622.2
2016Q2,RYDE,single dwelling,22063,22078,1238989.4
2016Q2,RYDE,nonresidential,2061,2076,775828.9
2016Q2,SHELLHARBOUR,multi dwelling,4036,4051,126137
2016Q2,SHELLHARBOUR,single dwelling,19480,19495,937631.2
2016Q2,SHELLHARBOUR,nonresidential,1297,1312,214459.3
2016Q2,STRATHFIELD,multi dwelling,6892,6907,422103
2016Q2,STRATHFIELD,single dwelling,6043,6058,418141.9
2016Q2,STRATHFIELD,nonresidential,1086,1101,306895.6
2016Q2,SUTHERLAND SHIRE,multi dwelling,28497,28512,1015542
2016Q2,SUTHERLAND SHIRE,single dwelling,52616,52631,2934643.8
2016Q2,SUTHERLAND SHIRE,nonresidential,5031,5046,1507894.3
2016Q2,SYDNEY,multi dwelling,75752,75767,3586851.4
2016Q2,SYDNEY,single dwelling,15113,15128,716753.4
2016Q2,SYDNEY,nonresidential,14609,14624,4859962.8
2016Q2,THE HILLS SHIRE,multi dwelling,7974,7989,336735.3
2016Q2,THE HILLS SHIRE,single dwelling,46989,47004,2835235.7
2016Q2,THE HILLS SHIRE,nonresidential,4219,4234,741846.6
2016Q2,WARRINGAH,multi dwelling,21495,21510,793954.7
2016Q2,WARRINGAH,single dwelling,32588,32603,1857695.4
2016Q2,WARRINGAH,nonresidential,4544,4559,534079.7
2016Q2,WAVERLEY,multi dwelling,20652,20667,830002.8
2016Q2,WAVERLEY,single dwelling,9293,9308,551651.1
2016Q2,WAVERLEY,nonresidential,1493,1508,317103.6
2016Q2,WILLOUGHBY,multi dwelling,13393,13408,626924.1
2016Q2,WILLOUGHBY,single dwelling,14502,14517,852044.6
2016Q2,WILLOUGHBY,nonresidential,2826,2841,634428.3
2016Q2,WINGECARRIBEE,multi dwelling,0,15,0
2016Q2,WINGECARRIBEE,single dwelling,10,25,485.1
2016Q2,WINGECARRIBEE,nonresidential,1,16,909.7
2016Q2,WOLLONDILLY,multi dwelling,853,868,30122.4
2016Q2,WOLLONDILLY,single dwelling,10355,10370,561809.6
2016Q2,WOLLONDILLY,nonresidential,1051,1066,536411.7
2016Q2,WOLLONGONG,multi dwelling,22941,22956,747726.1
2016Q2,WOLLONGONG,single dwelling,54751,54766,2570923.3
2016Q2,WOLLONGONG,nonresidential,4812,4827,1997118.2
2016Q2,WOOLLAHRA,multi dwelling,15344,15359,641909.4
2016Q2,WOOLLAHRA,single dwelling,9497,9512,779193.8
2016Q2,WOOLLAHRA,nonresidential,1337,1352,235453.9
2016Q3,ASHFIELD,multi dwelling,9783,9798,433284.5
2016Q3,ASHFIELD,single dwelling,7033,7048,405392.9
2016Q3,ASHFIELD,nonresidential,893,908,179641
2016Q3,AUBURN,multi dwelling,12407,12422,724891.2
2016Q3,AUBURN,single dwelling,12346,12361,759488.4
2016Q3,AUBURN,nonresidential,2624,2639,1054743.8
2016Q3,BANKSTOWN,multi dwelling,17671,17686,869640.2
2016Q3,BANKSTOWN,single dwelling,44942,44957,2625670.3
2016Q3,BANKSTOWN,nonresidential,5878,5893,1183699
2016Q3,BLACKTOWN,multi dwelling,14414,14429,692458.8
2016Q3,BLACKTOWN,single dwelling,84838,84853,4677576.2
2016Q3,BLACKTOWN,nonresidential,6185,6200,1623355.8
2016Q3,BLUE MOUNTAINS,multi dwelling,2415,2430,66344.3
2016Q3,BLUE MOUNTAINS,single dwelling,30379,30394,1285264.2
2016Q3,BLUE MOUNTAINS,nonresidential,1504,1519,231545.6
2016Q3,BOTANY BAY,multi dwelling,8416,8431,428302.6
2016Q3,BOTANY BAY,single dwelling,6955,6970,408125.3
2016Q3,BOTANY BAY,nonresidential,1727,1742,1374782.2
2016Q3,BURWOOD,multi dwelling,5287,5302,313142.5
2016Q3,BURWOOD,single dwelling,6380,6395,401447.2
2016Q3,BURWOOD,nonresidential,909,924,214559.4
2016Q3,CAMDEN,multi dwelling,1033,1048,40676.9
2016Q3,CAMDEN,single dwelling,17183,17198,988340.1
2016Q3,CAMDEN,nonresidential,1835,1850,288957.9
2016Q3,CAMPBELLTOWN,multi dwelling,7793,7808,271641.7
2016Q3,CAMPBELLTOWN,single dwelling,43231,43246,2362900.1
2016Q3,CAMPBELLTOWN,nonresidential,3524,3539,752342.8
2016Q3,CANADA BAY,multi dwelling,16673,16688,693437.8
2016Q3,CANADA BAY,single dwelling,15308,15323,867068.4
2016Q3,CANADA BAY,nonresidential,1600,1615,309952.5
2016Q3,CANTERBURY,multi dwelling,23743,23758,1228075.2
2016Q3,CANTERBURY,single dwelling,27084,27099,1624683.5
2016Q3,CANTERBURY,nonresidential,2904,2919,423552.8
2016Q3,FAIRFIELD,multi dwelling,14242,14257,736718.4
2016Q3,FAIRFIELD,single dwelling,45489,45504,2814703.1
2016Q3,FAIRFIELD,nonresidential,4758,4773,1176573.2
2016Q3,HAWKESBURY,multi dwelling,3229,3244,147129.4
2016Q3,HAWKESBURY,single dwelling,12944,12959,715444.4
2016Q3,HAWKESBURY,nonresidential,1708,1723,345053.5
2016Q3,HOLROYD,multi dwelling,12954,12969,645509.7
2016Q3,HOLROYD,single dwelling,23167,23182,1291461.6
2016Q3,HOLROYD,nonresidential,2605,2620,1223712.6
2016Q3,HORNSBY,multi dwelling,13741,13756,592626.1
2016Q3,HORNSBY,single dwelling,40770,40785,2232001.2
2016Q3,HORNSBY,nonresidential,3496,3511,620153.6
2016Q3,HUNTERS HILL,multi dwelling,1855,1870,67175.9
2016Q3,HUNTERS HILL,single dwelling,3136,3151,218381.9
2016Q3,HUNTERS HILL,nonresidential,275,290,78233.1
2016Q3,HURSTVILLE,multi dwelling,11770,11785,590488.8
2016Q3,HURSTVILLE,single dwelling,17935,17950,1016940.1
2016Q3,HURSTVILLE,nonresidential,2458,2473,274676.6
2016Q3,KIAMA,multi dwelling,1402,1417,37225.1
2016Q3,KIAMA,single dwelling,6892,6907,273648.1
2016Q3,KIAMA,nonresidential,655,670,97353.3
2016Q3,KOGARAH,multi dwelling,9167,9182,467171.1
2016Q3,KOGARAH,single dwelling,12058,12073,720376.8
2016Q3,KOGARAH,nonresidential,1320,1335,220867.9
2016Q3,KU-RING-GAI,multi dwelling,8857,8872,335672.7
2016Q3,KU-RING-GAI,single dwelling,30743,30758,1995725.6
2016Q3,KU-RING-GAI,nonresidential,1401,1416,297257.4
2016Q3,LANE COVE,multi dwelling,6424,6439,240154.2
2016Q3,LANE COVE,single dwelling,6594,6609,385271.7
2016Q3,LANE COVE,nonresidential,1154,1169,184628.4
2016Q3,LEICHHARDT,multi dwelling,8783,8798,317377.5
2016Q3,LEICHHARDT,single dwelling,13978,13993,606452
2016Q3,LEICHHARDT,nonresidential,1898,1913,288778.6
2016Q3,LIVERPOOL,multi dwelling,13977,13992,683941.5
2016Q3,LIVERPOOL,single dwelling,43684,43699,2693720.7
2016Q3,LIVERPOOL,nonresidential,4308,4323,1238520.8
2016Q3,MANLY,multi dwelling,11104,11119,402596.7
2016Q3,MANLY,single dwelling,7187,7202,403954.1
2016Q3,MANLY,nonresidential,1149,1164,174955
2016Q3,MARRICKVILLE,multi dwelling,14227,14242,529871.1
2016Q3,MARRICKVILLE,single dwelling,17560,17575,844160.9
2016Q3,MARRICKVILLE,nonresidential,3147,3162,524698.9
2016Q3,MOSMAN,multi dwelling,7498,7513,257980.8
2016Q3,MOSMAN,single dwelling,5376,5391,380285.4
2016Q3,MOSMAN,nonresidential,663,678,123854.5
2016Q3,NORTH SYDNEY,multi dwelling,29021,29036,1016557.3
2016Q3,NORTH SYDNEY,single dwelling,5872,5887,311844.5
2016Q3,NORTH SYDNEY,nonresidential,3156,3171,534628.6
2016Q3,PARRAMATTA,multi dwelling,29903,29918,1433945.7
2016Q3,PARRAMATTA,single dwelling,33241,33256,1847816.3
2016Q3,PARRAMATTA,nonresidential,4757,4772,2053445.9
2016Q3,PENRITH,multi dwelling,12264,12279,465119.6
2016Q3,PENRITH,single dwelling,50849,50864,2894054.9
2016Q3,PENRITH,nonresidential,4066,4081,924524.7
2016Q3,PITTWATER,multi dwelling,5399,5414,184615.2
2016Q3,PITTWATER,single dwelling,16858,16873,931744
2016Q3,PITTWATER,nonresidential,1891,1906,192749.7
2016Q3,RANDWICK,multi dwelling,34468,34483,1485795.3
2016Q3,RANDWICK,single dwelling,19946,19961,1177653.4
2016Q3,RANDWICK,nonresidential,2150,2165,809134.7
2016Q3,ROCKDALE,multi dwelling,19107,19122,914014.2
2016Q3,ROCKDALE,single dwelling,19164,19179,1147690.5
2016Q3,ROCKDALE,nonresidential,2204,2219,317927.5
2016Q3,RYDE,multi dwelling,19248,19263,807219.6
2016Q3,RYDE,single dwelling,22066,22081,1241537
2016Q3,RYDE,nonresidential,2053,2068,730898.3
2016Q3,SHELLHARBOUR,multi dwelling,4084,4099,126651.8
2016Q3,SHELLHARBOUR,single dwelling,19538,19553,944941.8
2016Q3,SHELLHARBOUR,nonresidential,1300,1315,201975.4
2016Q3,STRATHFIELD,multi dwelling,6900,6915,416747.1
2016Q3,STRATHFIELD,single dwelling,6047,6062,418122.1
2016Q3,STRATHFIELD,nonresidential,1083,1098,300672.9
2016Q3,SUTHERLAND SHIRE,multi dwelling,28585,28600,1020555.8
2016Q3,SUTHERLAND SHIRE,single dwelling,52626,52641,2926927.3
2016Q3,SUTHERLAND SHIRE,nonresidential,5001,5016,1536536.1
2016Q3,SYDNEY,multi dwelling,76131,76146,3556876.4
2016Q3,SYDNEY,single dwelling,15154,15169,717403.5
2016Q3,SYDNEY,nonresidential,14646,14661,4704763.8
2016Q3,THE HILLS SHIRE,multi dwelling,8120,8135,345493.5
2016Q3,THE HILLS SHIRE,single dwelling,47114,47129,2773533.4
2016Q3,THE HILLS SHIRE,nonresidential,4188,4203,695556.4
2016Q3,WARRINGAH,multi dwelling,21593,21608,788002.6
2016Q3,WARRINGAH,single dwelling,32596,32611,1859132
2016Q3,WARRINGAH,nonresidential,4532,4547,530935.9
2016Q3,WAVERLEY,multi dwelling,20721,20736,811926.5
2016Q3,WAVERLEY,single dwelling,9298,9313,548658
2016Q3,WAVERLEY,nonresidential,1502,1517,299306.7
2016Q3,WILLOUGHBY,multi dwelling,13422,13437,629154.9
2016Q3,WILLOUGHBY,single dwelling,14507,14522,841634.2
2016Q3,WILLOUGHBY,nonresidential,2837,2852,601511.9
2016Q3,WINGECARRIBEE,multi dwelling,0,15,0
2016Q3,WINGECARRIBEE,single dwelling,10,25,481.8
2016Q3,WINGECARRIBEE,nonresidential,1,16,1051.6
2016Q3,WOLLONDILLY,multi dwelling,867,882,29518.5
2016Q3,WOLLONDILLY,single dwelling,10419,10434,573328.8
2016Q3,WOLLONDILLY,nonresidential,1030,1045,565578.2
2016Q3,WOLLONGONG,multi dwelling,22991,23006,747250.9
2016Q3,WOLLONGONG,single dwelling,54816,54831,2558816.7
2016Q3,WOLLONGONG,nonresidential,4790,4805,2096031.3
2016Q3,WOOLLAHRA,multi dwelling,15338,15353,630870.9
2016Q3,WOOLLAHRA,single dwelling,9501,9516,764363.6
2016Q3,WOOLLAHRA,nonresidential,1337,1352,226231.5
2016Q4,ASHFIELD,multi dwelling,9803,9818,436924.4
2016Q4,ASHFIELD,single dwelling,7035,7050,412057.8
2016Q4,ASHFIELD,nonresidential,890,905,180050.2
2016Q4,AUBURN,multi dwelling,12571,12586,731358.1
2016Q4,AUBURN,single dwelling,12383,12398,783004.2
2016Q4,AUBURN,nonresidential,2617,2632,1128573.6
2016Q4,BANKSTOWN,multi dwelling,17721,17736,874440.6
2016Q4,BANKSTOWN,single dwelling,45005,45020,2687951.2
2016Q4,BANKSTOWN,nonresidential,5843,5858,1247044.7
2016Q4,BLACKTOWN,multi dwelling,14497,14512,705416.8
2016Q4,BLACKTOWN,single dwelling,85153,85168,4747351.4
2016Q4,BLACKTOWN,nonresidential,6182,6197,1662040.6
2016Q4,BLUE MOUNTAINS,multi dwelling,2419,2434,66620.4
2016Q4,BLUE MOUNTAINS,single dwelling,30405,30420,1310162.7
2016Q4,BLUE MOUNTAINS,nonresidential,1501,1516,244580.6
2016Q4,BOTANY BAY,multi dwelling,8442,8457,427997.9
2016Q4,BOTANY BAY,single dwelling,6953,6968,418706.2
2016Q4,BOTANY BAY,nonresidential,1727,1742,1447133.6
2016Q4,BURWOOD,multi dwelling,5431,5446,315029
2016Q4,BURWOOD,single dwelling,6379,6394,410243.9
2016Q4,BURWOOD,nonresidential,904,919,222165.9
2016Q4,CAMDEN,multi dwelling,1034,1049,40096.1
2016Q4,CAMDEN,single dwelling,17366,17381,1047002
2016Q4,CAMDEN,nonresidential,1845,1860,308459.8
2016Q4,CAMPBELLTOWN,multi dwelling,7945,7960,279848.8
2016Q4,CAMPBELLTOWN,single dwelling,43226,43241,2461729.6
2016Q4,CAMPBELLTOWN,nonresidential,3536,3551,782764.4
2016Q4,CANADA BAY,multi dwelling,16871,16886,703378.5
2016Q4,CANADA BAY,single dwelling,15304,15319,878109.1
2016Q4,CANADA BAY,nonresidential,1601,1616,338287.4
2016Q4,CANTERBURY,multi dwelling,23767,23782,1238131.4
2016Q4,CANTERBURY,single dwelling,27105,27120,1685660.9
2016Q4,CANTERBURY,nonresidential,2906,2921,423188.7
2016Q4,FAIRFIELD,multi dwelling,14299,14314,757183.9
2016Q4,FAIRFIELD,single dwelling,45495,45510,2934618.5
2016Q4,FAIRFIELD,nonresidential,4721,4736,1211322.2
2016Q4,HAWKESBURY,multi dwelling,3235,3250,141628.3
2016Q4,HAWKESBURY,single dwelling,12967,12982,771230.9
2016Q4,HAWKESBURY,nonresidential,1704,1719,363810.7
2016Q4,HOLROYD,multi dwelling,13001,13016,650444.3
2016Q4,HOLROYD,single dwelling,23234,23249,1327588.9
2016Q4,HOLROYD,nonresidential,2586,2601,855658.1
2016Q4,HORNSBY,multi dwelling,13746,13761,594003.3
2016Q4,HORNSBY,single dwelling,40809,40824,2317797.9
2016Q4,HORNSBY,nonresidential,3474,3489,650309
2016Q4,HUNTERS HILL,multi dwelling,1857,1872,69485.9
2016Q4,HUNTERS HILL,single dwelling,3135,3150,232448.7
2016Q4,HUNTERS HILL,nonresidential,276,291,77891
2016Q4,HURSTVILLE,multi dwelling,11781,11796,585587.2
2016Q4,HURSTVILLE,single dwelling,17944,17959,1047537.7
2016Q4,HURSTVILLE,nonresidential,2454,2469,288646.6
2016Q4,KIAMA,multi dwelling,1403,1418,38721.1
2016Q4,KIAMA,single dwelling,6905,6920,287353
2016Q4,KIAMA,nonresidential,655,670,111306.8
2016Q4,KOGARAH,multi dwelling,9234,9249,470683.4
2016Q4,KOGARAH,single dwelling,12062,12077,749659.9
2016Q4,KOGARAH,nonresidential,1321,1336,244366.1
2016Q4,KU-RING-GAI,multi dwelling,8950,8965,342183.6
2016Q4,KU-RING-GAI,single dwelling,30747,30762,2031250.1
2016Q4,KU-RING-GAI,nonresidential,1388,1403,307588.6
2016Q4,LANE COVE,multi dwelling,6581,6596,242278.3
2016Q4,LANE COVE,single dwelling,6595,6610,407745.8
2016Q4,LANE COVE,nonresidential,1151,1166,185996.8
2016Q4,LEICHHARDT,multi dwelling,8811,8826,321213.2
2016Q4,LEICHHARDT,single dwelling,13959,13974,623295.2
2016Q4,LEICHHARDT,nonresidential,1890,1905,290011.7
2016Q4,LIVERPOOL,multi dwelling,13968,13983,706116.4
2016Q4,LIVERPOOL,single dwelling,43859,43874,2798213
2016Q4,LIVERPOOL,nonresidential,4308,4323,1355613.6
2016Q4,MANLY,multi dwelling,11128,11143,419811.7
2016Q4,MANLY,single dwelling,7190,7205,424457
2016Q4,MANLY,nonresidential,1152,1167,198962.5
2016Q4,MARRICKVILLE,multi dwelling,14273,14288,526282.9
2016Q4,MARRICKVILLE,single dwelling,17552,17567,850285.7
2016Q4,MARRICKVILLE,nonresidential,3147,3162,532393.4
2016Q4,MOSMAN,multi dwelling,7499,7514,268295.5
2016Q4,MOSMAN,single dwelling,5375,5390,407645.7
2016Q4,MOSMAN,nonresidential,659,674,130529.3
2016Q4,NORTH SYDNEY,multi dwelling,29077,29092,1042026.7
2016Q4,NORTH SYDNEY,single dwelling,5877,5892,328089.3
2016Q4,NORTH SYDNEY,nonresidential,3150,3165,562920.6
2016Q4,PARRAMATTA,multi dwelling,30104,30119,1441678.7
2016Q4,PARRAMATTA,single dwelling,33272,33287,1940900.5
2016Q4,PARRAMATTA,nonresidential,4789,4804,1807814.8
2016Q4,PENRITH,multi dwelling,12388,12403,475681.8
2016Q4,PENRITH,single dwelling,50930,50945,3010118.1
2016Q4,PENRITH,nonresidential,4139,4154,972832.3
2016Q4,PITTWATER,multi dwelling,5407,5422,191909.3
2016Q4,PITTWATER,single dwelling,16869,16884,986156.6
2016Q4,PITTWATER,nonresidential,1886,1901,220172.7
2016Q4,RANDWICK,multi dwelling,34631,34646,1505235.6
2016Q4,RANDWICK,single dwelling,20002,20017,1226461.5
2016Q4,RANDWICK,nonresidential,2121,2136,841144.7
2016Q4,ROCKDALE,multi dwelling,19271,19286,926904
2016Q4,ROCKDALE,single dwelling,19165,19180,1200688.5
2016Q4,ROCKDALE,nonresidential,2217,2232,345180
2016Q4,RYDE,multi dwelling,19296,19311,805636.7
2016Q4,RYDE,single dwelling,22058,22073,1256754.4
2016Q4,RYDE,nonresidential,2040,2055,769701.9
2016Q4,SHELLHARBOUR,multi dwelling,4096,4111,129575.6
2016Q4,SHELLHARBOUR,single dwelling,19612,19627,975511.9
2016Q4,SHELLHARBOUR,nonresidential,1294,1309,202992.9
2016Q4,STRATHFIELD,multi dwelling,6900,6915,421962.2
2016Q4,STRATHFIELD,single dwelling,6046,6061,428169.5
2016Q4,STRATHFIELD,nonresidential,1083,1098,309830.4
2016Q4,SUTHERLAND SHIRE,multi dwelling,28690,28705,1028931.2
2016Q4,SUTHERLAND SHIRE,single dwelling,52631,52646,3035651.3
2016Q4,SUTHERLAND SHIRE,nonresidential,4974,4989,1651617
2016Q4,SYDNEY,multi dwelling,76592,76607,3623994
2016Q4,SYDNEY,single dwelling,15217,15232,728093.3
2016Q4,SYDNEY,nonresidential,14621,14636,5015987.9
2016Q4,THE HILLS SHIRE,multi dwelling,8168,8183,349619.6
2016Q4,THE HILLS SHIRE,single dwelling,47215,47230,2919639.8
2016Q4,THE HILLS SHIRE,nonresidential,4225,4240,747432.4
2016Q4,WARRINGAH,multi dwelling,21749,21764,799016.9
2016Q4,WARRINGAH,single dwelling,32603,32618,1917986.4
2016Q4,WARRINGAH,nonresidential,4521,4536,540815
2016Q4,WAVERLEY,multi dwelling,20789,20804,842624.2
2016Q4,WAVERLEY,single dwelling,9296,9311,567233.7
2016Q4,WAVERLEY,nonresidential,1494,1509,321552
2016Q4,WILLOUGHBY,multi dwelling,13439,13454,616565.4
2016Q4,WILLOUGHBY,single dwelling,14510,14525,857838.3
2016Q4,WILLOUGHBY,nonresidential,2824,2839,617087.9
2016Q4,WINGECARRIBEE,multi dwelling,0,15,0
2016Q4,WINGECARRIBEE,single dwelling,10,25,487.3
2016Q4,WINGECARRIBEE,nonresidential,1,16,1221
2016Q4,WOLLONDILLY,multi dwelling,867,882,29950.8
2016Q4,WOLLONDILLY,single dwelling,10507,10522,606030.7
2016Q4,WOLLONDILLY,nonresidential,1030,1045,602875.9
2016Q4,WOLLONGONG,multi dwelling,23013,23028,751755.4
2016Q4,WOLLONGONG,single dwelling,54883,54898,2665018.4
2016Q4,WOLLONGONG,nonresidential,4769,4784,1577070
2016Q4,WOOLLAHRA,multi dwelling,15338,15353,649310.2
2016Q4,WOOLLAHRA,single dwelling,9509,9524,805945.8
2016Q4,WOOLLAHRA,nonresidential,1336,1351,230121.1
